Timestamp,acc_x,acc_y,acc_z,gyro_x,gyro_y,gyro_z,mag_x,mag_y,mag_z,light
0,0.86756206,-1.1674898,10.056552,-0.015103439,0.032220062,0.029005963,3.2532692,-1.887139,-44.921764,
50,0.46879482,-1.0382006,9.7673645,-0.008072699,0.0372268,0.004771215,2.6993027,-1.7390789,-44.98885,
100,0.5300938,-1.04504,10.050976,-0.03550323,0.07461755,0.0182468,3.1296444,-1.090428,-45.419,
150,0.5629371,-1.0202343,9.999605,0.006042042,0.024283847,0.03987165,3.8687344,-1.7250426,-45.20755,
200,0.35536885,-1.1075494,9.777544,-0.029271444,0.1053504,0.10756916,3.77675,-1.933279,-45.23838,23.0
250,0.6241416,-1.063832,9.736822,-0.047807027,-0.04336039,0.11523904,3.561953,-2.0310154,-45.64497,
300,1.263375,-0.9105215,9.883185,-0.052494187,-0.004265215,-0.0014073137,3.1310284,-2.3535135,-45.094807,
350,1.1287491,-0.9428605,9.945108,0.031235522,-0.028606486,-0.072034284,3.9609108,-1.6061779,-45.237587,
400,0.8242838,-0.80859387,9.580397,-0.041521974,0.009849524,-0.13184884,3.3771317,-1.7993519,-45.745117,
450,0.56078124,-1.0253847,9.757543,-0.006451132,-0.065878876,-0.13987383,3.2550483,-1.8722283,-46.552082,
500,0.30398583,-0.97172606,9.522666,-0.07465167,0.01964995,-0.12396588,3.007317,-1.1600615,-46.00934,
550,0.39309767,-1.0107722,9.736223,-0.068899244,0.09688155,-0.068039544,3.2844028,-1.5635086,-45.657288,22.0
600,0.074259475,-0.6769624,9.050039,-0.091642626,0.2072961,-0.032885853,4.330241,-1.3417238,-45.664806,
650,0.31727445,-0.70526046,8.590112,-0.018459018,0.2531557,0.07300134,3.9600785,-0.6978008,-45.619556,
700,0.04491487,-0.77841085,8.702094,0.012167305,0.23419401,0.047328494,5.4994397,-1.5561291,-45.385612,20.0
750,0.14875884,-1.043231,8.318222,0.24892211,0.14870663,0.075984076,5.99078,-1.565169,-44.506603,
800,0.27284464,-1.1807315,8.779227,0.27464825,0.063698605,0.011375851,5.068217,-1.585199,-44.93171,
850,0.17750458,-1.1371337,9.964153,0.4744917,0.11701504,-0.007532579,5.8395705,-2.7892292,-45.362877,22.0
900,0.30314744,-1.1482728,10.697646,0.17009263,0.018371638,-0.039383955,6.5781326,-3.0115616,-45.187157,23.0
950,-0.13043417,-1.2055248,14.467651,0.12343408,-0.060724188,0.03427901,5.8700666,-3.7403522,-43.92727,
1000,0.82811654,-0.55443364,13.609232,-0.046475448,-0.4214757,0.1935359,5.1946616,-4.2044334,-44.712517,
1050,1.9264435,-1.3790771,14.375066,-0.66427493,-0.3324729,0.07246871,5.347502,-3.5230904,-44.6547,
1100,0.7236736,-2.989078,14.6831255,-0.7717069,-0.2157733,-0.26458067,4.02232,-1.314132,-45.48707,20.0
1150,0.19139835,-1.6649774,8.786298,-1.025133,-0.39574957,-0.23629792,4.1427355,0.60451716,-45.47533,16.0
1200,-0.07671871,-2.7463346,12.088898,-0.9485405,-0.014225423,-0.31102616,3.9552808,2.4632387,-45.222942,13.0
1250,-0.53179675,-1.0689824,6.840808,0.5213099,-0.58174455,-0.10532377,3.0317302,2.8905323,-45.312775,9.0
1300,0.14672272,-0.3120112,4.012227,0.32668638,0.28000036,0.14288263,3.156522,1.8563669,-45.576263,10.0
1350,0.53778464,-0.7277464,4.6408014,0.37419707,0.51803356,0.16834241,4.2647986,1.517078,-45.699535,
1400,0.34183443,-0.53754556,3.3259225,0.62996686,0.2567776,-0.002046471,4.481332,0.14442997,-45.028236,12.0
1450,-0.20205899,-1.0068197,4.444611,0.977509,0.17544475,0.006955006,5.129691,-1.2650614,-45.274372,14.0
1500,-0.21104202,-0.80991155,5.469157,1.060866,0.38285154,0.10767567,5.6555433,-3.0891654,-45.518738,18.0
1550,0.5246095,-1.9589026,9.038301,0.22261012,-0.25710553,0.035024684,6.1187735,-4.841805,-44.86786,23.0
1600,-0.93447655,-1.821881,19.63985,0.5996838,0.06508936,0.12661964,4.580863,-5.0448217,-45.089485,25.0
1650,2.887869,-1.2675678,18.579128,-0.5935415,0.21896076,0.3552962,5.8135114,-6.2100496,-45.35486,28.0
1700,-0.38567242,-1.5083131,19.968628,-1.3388531,-0.15148464,-0.17802799,4.9173613,-3.2192254,-45.597504,25.0
1750,3.096515,-3.3591797,15.714979,-1.4051125,-0.10674356,0.3179587,5.036838,-0.7381058,-45.43755,20.0
1800,0.6546585,-2.3901644,11.469225,-1.0564516,0.60186976,-0.6000321,5.648757,1.7771866,-45.451447,14.0
1850,-1.8416445,0.3356064,9.423492,-0.09659611,-0.39734742,-0.06702755,5.247489,2.7435536,-45.50358,11.0
1900,1.0634724,0.5801847,3.5417542,0.7835779,-0.042135336,0.40296668,4.6043496,0.78377897,-45.77546,
1950,0.853868,0.5485645,2.4360015,0.31150633,-0.1948941,0.09611756,5.066883,0.14032975,-45.88031,12.0
2000,0.43657565,-0.5374257,4.504737,0.5689806,0.2767513,0.098141536,5.5897245,0.2956768,-45.869102,
2050,-0.022278314,-0.17163618,3.0591855,1.297674,-0.37423125,-0.06473722,5.346078,-1.6805605,-45.666557,15.0
2100,1.1873186,-0.57431614,2.0067322,0.7312735,-0.49982587,-0.22378108,4.1802235,-3.9131455,-45.917328,21.0
2150,-0.56689036,0.58389777,6.5995827,1.2945315,-0.24837038,-0.31001416,3.7219481,-6.336731,-45.838764,26.0
2200,1.3697343,-2.2875626,14.029999,-0.95919335,0.06923793,-0.48599568,3.781266,-5.437909,-44.95006,31.0
2250,-0.02587173,-1.0301757,19.078348,0.8938858,-0.16107199,0.16653149,3.812364,-5.3550186,-45.35263,
2300,4.110761,-1.0986865,20.82166,-1.053469,0.18258204,-0.3642893,3.320144,-5.102712,-45.739227,
2350,-0.21931271,-0.14610548,20.782217,-0.43987733,-0.10844799,-0.22825518,3.2252603,-3.5645728,-45.32606,
2400,1.7692999,-0.9584311,12.093972,-1.0323769,-0.22163224,-0.16828084,2.8245978,-2.3168228,-46.279064,27.0
2450,-0.06527717,-1.4147696,11.5040865,-0.6866455,0.51867265,-0.21035877,3.2211967,-0.065965846,-46.016685,23.0
2500,-0.35848373,0.11929468,6.2348714,0.1542202,-0.28469583,0.28003532,3.89679,0.13509464,-45.073627,20.0
2550,1.1996554,0.31740075,4.2254243,0.5836279,0.31909552,0.54187715,4.821718,-1.1499506,-45.159554,
2600,0.98777515,0.55742776,1.5416499,-0.015849128,-0.118887566,-0.03357827,4.3299685,-1.9169991,-44.69861,
2650,0.6183924,-0.7853578,2.925638,-0.24578628,0.36607364,-0.25185078,4.544443,-1.0334461,-44.98208,
2700,-1.1808516,-0.5847365,5.39825,0.792674,0.34679237,-0.01074021,5.4382854,-1.7358071,-45.50886,
2750,0.56149983,-0.32889935,1.725503,0.7527917,-0.44890618,0.05270808,5.009103,-3.0077457,-45.350048,24.0
2800,-0.098694056,1.0111314,5.5137134,1.2617747,0.18668325,0.09116408,5.043507,-5.1687164,-45.943226,30.0
2850,0.20301643,-0.34950048,9.373906,-0.29952878,-0.04788776,-0.105430305,4.7961764,-5.4749784,-44.491047,35.0
2900,-0.42998877,-0.68874437,18.508402,-0.3501288,-0.02248122,0.14703718,3.9031608,-5.1020126,-44.30091,
2950,1.6845001,-2.817323,22.373808,-1.7059429,0.52186847,0.114653125,4.3011475,-3.7669444,-44.151703,31.0
3000,-0.5511998,-2.117124,25.722326,-0.5474156,0.2162976,0.22022077,5.527773,-0.79962385,-44.124603,25.0
3050,1.2772688,-1.5977843,13.188945,-0.5470428,-0.1417907,0.11523901,5.0363593,-0.9633051,-44.723034,23.0
3100,2.2374964,-1.9088371,10.954323,-1.6003754,0.28601912,0.09435987,4.631195,2.2547975,-44.05846,18.0
3150,0.19535094,-2.047895,9.207301,-0.44802657,-0.13678397,-0.6250658,5.4285517,4.038162,-43.90452,12.0
3200,-2.630356,0.24924938,4.1018176,0.13786839,-0.07217576,0.09537188,4.9062576,4.107089,-44.69212,11.0
3250,0.7663132,-0.44364277,3.5255852,0.11512502,0.23515277,0.6257666,5.9544415,3.4871686,-45.773182,
3300,0.37081963,-0.7507431,4.1733236,0.21872191,0.07973081,0.12248282,6.4760833,3.1953588,-44.116325,10.0
3350,0.35165587,-0.5555116,3.1945305,0.9852322,-0.35931754,0.1527363,5.709825,2.0448468,-45.36017,11.0
3400,0.17774414,-0.37082025,2.2093897,0.817187,-0.04586376,0.112149775,5.4671726,-0.23408413,-45.680298,15.0
3450,-0.09126809,-0.023835141,4.9685016,1.3689401,-0.31281883,0.26181927,5.19216,-2.1738942,-44.983715,18.0
3500,0.9596409,0.101511456,5.5806346,0.25861603,-0.5759921,0.025490597,4.3937645,-3.5960655,-44.646618,25.0
3550,0.65935516,-1.8535017,19.944077,0.5456513,0.19169,0.06261502,3.0399005,-3.2389054,-45.055866,
3600,3.5059025,-2.8455894,16.553755,-0.511676,0.11658893,-0.039330695,3.8099651,-4.5994434,-44.12333,29.0
3650,-0.33860126,-2.1824012,23.614544,-1.2675339,0.3345951,-0.35566074,4.515211,-2.3568876,-44.71986,26.0
3700,1.2887671,-2.5594492,19.801065,-0.9044388,-0.12075178,-0.206364,5.5286303,-0.92681617,-44.74217,21.0
3750,2.523756,-1.8616463,12.330286,-1.135228,0.32351637,-0.021167949,4.5106435,1.2352606,-45.0711,16.0
3800,0.88548803,-2.635386,12.062232,-0.814051,0.80373704,-0.6473831,6.323105,3.0658317,-44.73769,12.0
3850,-2.9487147,0.38303685,5.317404,0.09226329,-0.41268128,-0.2846904,6.25929,4.6583056,-44.664856,9.0
3900,-0.86416924,0.3871091,4.6828413,0.11022482,0.15749505,0.5746872,6.4138403,3.638042,-44.030132,8.0
3950,0.9973571,-0.028147018,2.7208242,0.62533295,-0.22930214,0.42107615,6.8466964,2.3717654,-44.345192,
4000,0.2291271,-0.16145538,3.0130725,0.6984633,-0.20512064,0.14394788,6.879588,1.4176959,-45.076195,
4050,0.31122273,-0.33837408,2.2296126,1.1233437,-0.12900758,0.13169734,6.6676455,-0.74423087,-45.48977,10.0
4100,-0.028506562,-0.4526258,2.6503975,1.0556995,-0.42120934,-0.04364501,6.731144,-2.5061831,-45.06539,15.0
4150,-0.554314,0.3191974,4.844775,1.3924825,-0.54227656,0.1031483,5.8425045,-5.0860314,-45.150482,19.0
4200,0.8490771,-1.9166225,15.065923,-0.26149887,0.08995734,-0.084923975,4.8876505,-4.767867,-44.62077,23.0
4250,0.327222,-1.7542089,16.37505,0.7195556,-0.16213726,-0.042686276,4.7360563,-6.1604795,-44.91794,
4300,1.0729345,-3.019022,24.08059,-1.9848292,0.8358549,-0.093552604,4.948575,-4.2956877,-44.65567,
4350,-0.19714823,-1.5165775,18.303411,-0.48206168,0.24889465,-0.08859913,6.3001957,-2.886255,-44.421703,18.0
4400,0.57108176,-1.3106862,13.532698,-1.9222447,0.2615713,0.0012558431,6.8199644,-0.43225306,-44.499104,15.0
4450,2.6199346,-3.4460158,11.263698,-1.1783712,0.35536772,-0.3007996,7.9548974,2.612384,-45.125183,8.0
4500,-1.9935176,-1.5377778,9.657291,-0.52621686,-0.10482607,-0.7166253,7.5211525,4.1799645,-44.380302,7.0
4550,-1.3093686,0.12767886,4.896278,0.43411818,-0.6898155,0.16131169,6.813099,5.043025,-45.11983,
4600,0.44814315,0.22834569,2.911441,0.33675307,-0.053480387,0.18469422,6.6610613,3.9747124,-45.420765,
4650,-0.5262869,-0.019403528,3.7781887,0.8480795,-0.34019607,0.29968944,6.046769,3.1698284,-45.395775,
4700,0.652528,-0.5673693,2.1426756,1.2044103,-0.006502268,0.34554902,6.75914,-0.15319386,-45.494343,
4750,-0.2617064,-1.1316241,4.0157003,1.3115224,-0.32964993,0.13526599,5.746956,-2.2364984,-45.773968,8.0
4800,-0.5447322,-0.2197853,3.951741,1.3336267,-0.17795643,0.32786566,5.135501,-4.642202,-46.31847,13.0
4850,2.1816819,-2.5618448,11.108113,-0.7229178,0.09863925,0.3580126,4.0888453,-5.316238,-45.00572,16.0
4900,1.48328,-3.5352478,19.709679,1.1940771,-0.529813,-0.010355527,4.459302,-5.674609,-45.67332,
4950,2.1737761,-3.015309,16.763361,-1.7642542,0.77733636,-0.28037024,5.042111,-4.947519,-44.95533,18.0
5000,0.056413215,-2.7606695,24.238209,-1.063749,-0.0022944734,-0.22505936,5.0699286,-2.5631948,-45.260822,13.0
5050,2.226956,-2.5207624,11.503366,-1.0149065,-0.12506609,-0.21818843,4.8208756,-0.7334986,-44.916767,10.0
5100,0.19630909,-4.005,16.028067,-1.9516993,0.56586385,-0.5320683,4.692486,3.3588996,-45.214977,7.0
5150,-1.2600851,-1.2654241,8.186915,0.53718245,-0.8766096,-0.25419432,5.3999414,4.008973,-45.823967,6.0
5200,0.17163566,0.17415114,3.9185634,-0.2014713,-0.014225413,0.13958031,4.2006993,3.5185914,-45.879078,
5250,0.3599203,0.5006549,4.167813,0.60376143,-0.28293818,0.23497467,4.3875957,2.5935588,-46.792297,
5300,1.0249051,-0.5604223,2.9517481,0.65164506,0.17283484,0.13095167,3.465306,1.6725639,-46.34028,
5350,-0.44484073,-0.6330054,5.0681543,1.2174065,0.058745123,-0.22303538,4.8224707,-0.72579,-46.371605,7.0
5400,-0.26410183,0.44759503,0.91678965,1.4408455,-0.6687766,-0.020582058,3.2257187,-3.4259658,-45.91576,10.0
5450,1.1969006,0.42903003,4.7194915,0.7515667,0.3826385,-0.022073427,3.9972382,-4.9505897,-46.09559,14.0
5500,2.358588,-0.79601777,5.4281945,-0.10591719,-0.26381665,-0.14090356,3.0760472,-6.1756682,-46.259075,17.0
5550,-0.5256881,-3.7405407,25.189814,-0.35417667,0.8232848,-0.5250376,4.949207,-3.7830818,-45.868755,16.0
5600,3.4272106,-1.7030655,12.877892,0.05999762,0.34950882,0.46224865,4.5180783,-4.305467,-44.882942,18.0
5650,2.4528499,-2.1899467,24.235332,-1.3809842,-0.04905955,-0.56338704,4.392438,-2.2758696,-45.095284,15.0
5700,1.6529995,-3.3466034,15.8864975,-0.325468,0.10258071,-0.031607535,4.268264,-1.5683205,-44.982758,13.0
5750,0.67760485,-1.8408432,12.293144,-1.2421806,-0.15867515,-0.18351409,5.313631,-0.32718068,-45.8378,11.0
5800,0.78655493,-1.5291541,10.45223,-0.19268286,-0.33225983,-0.4005083,4.7576165,1.2278773,-45.80774,8.0
5850,-1.9701614,0.69708407,3.2758567,-0.32253847,-0.57966727,-0.10308673,3.1883476,2.1321952,-46.878693,
5900,0.18828422,0.2885352,5.661992,0.044551305,0.25043923,0.56387484,3.0341725,1.902808,-46.291767,7.0
5950,1.4395624,-0.14420795,2.9051569,0.24205117,-0.5112774,0.12061863,3.4969006,1.5172832,-46.894855,
6000,0.29356557,-0.21104181,4.053309,0.75502884,0.063911654,0.016382584,2.6053798,0.7704031,-46.660748,
6050,0.76643306,-0.59575564,2.433846,1.0990025,0.2543808,0.095478386,3.3454766,-0.77490485,-46.222057,8.0
6100,-0.08252463,-0.56162,5.4249606,1.2295506,-0.12914367,-0.036484078,3.9642844,-2.751039,-46.86474,12.0
6150,0.9749594,-1.5553844,6.758283,0.76743925,-0.12586503,0.2547353,2.613673,-5.273832,-46.6215,16.0
6200,1.1007218,-1.8891941,17.367138,0.51981866,0.20836136,-0.006733631,2.67481,-5.5570607,-45.904778,19.0
6250,2.2606127,-0.9986752,14.127254,0.17994627,0.1695858,0.28200606,2.7996273,-6.9099665,-45.79316,23.0
6300,2.0954764,0.12458365,19.429146,-1.0700871,0.053738385,0.17803632,3.259496,-5.7522454,-45.733223,
6350,3.799707,-0.9500469,20.573729,-0.7967938,0.17560454,0.33356482,2.9802032,-4.5089464,-45.135506,17.0
6400,1.8191254,-2.5537,12.596424,-1.4093735,0.12793398,-0.6429623,3.5917938,-1.3524672,-45.6521,15.0
6450,-0.17894268,-2.3546355,15.748274,-0.9359172,0.5253305,0.12610473,2.9735706,0.6448113,-45.566784,10.0
6500,0.9422611,-1.2002547,7.5332212,0.25217116,-0.19026022,-0.17605726,4.3886313,0.78514326,-45.471306,8.0
6550,-1.5831724,0.7459518,4.121101,0.15097111,0.13416584,0.2935109,4.512801,0.10661278,-45.615124,
6600,0.7761346,0.32458723,3.3311925,-0.05265398,0.20410033,0.48318106,5.0059896,-0.12964574,-46.126324,
6650,0.4574163,0.0031139806,2.934381,-0.26501426,0.11802705,0.17404158,5.3745685,0.2606104,-46.028816,7.0
6700,0.011977027,-0.37932414,5.1214533,0.9668032,0.04883817,0.06426619,5.3153,-1.6229906,-45.7299,
6750,0.17750458,0.34818265,2.2471185,1.1295755,-0.75735325,0.023679644,5.0395184,-2.2500167,-45.97712,10.0
6800,0.5763517,-0.38447446,5.8289576,1.3361301,-0.0034130036,0.16322914,3.7804203,-4.268828,-45.64458,15.0
6850,1.7381715,-1.8008769,8.728167,0.1663642,0.08116892,-0.100157246,4.1837893,-6.623619,-45.762047,19.0
6900,-0.60976946,-1.844878,14.647555,0.8708229,-0.051083546,-0.030435732,3.63046,-7.333102,-45.33426,22.0
6950,1.3544033,-0.5643748,16.334927,-0.5097586,0.21091802,0.20370916,4.5837746,-7.225549,-45.00226,23.0
7000,1.6411419,-0.9476515,20.929218,-1.3003972,-0.11936693,0.14192389,3.259362,-6.329375,-44.89081,22.0
7050,4.5329633,-2.8555303,25.090282,-0.22927466,0.025295854,0.2788635,3.3168576,-3.3222222,-44.986107,17.0
7100,1.9271619,-1.3682973,9.942833,-0.70619315,-0.12176378,-0.84818524,3.9643645,-4.083576,-45.270714,
7150,0.9880147,-1.2428943,10.790354,-1.5228242,1.1452073,-0.45520955,4.3590693,-0.44707432,-45.024433,13.0
7200,-1.7584013,0.110551134,6.7188787,-0.39326015,-0.27449295,-0.83738464,5.403644,1.4993134,-46.042442,9.0
7250,-1.5252016,0.86093485,3.2207603,-0.32429615,-0.42669544,-0.044763528,5.0639772,1.7420763,-45.24892,8.0
7300,-0.24996853,0.62737566,3.588586,0.10601703,-0.14754316,0.39242062,5.0347357,1.7502445,-46.64262,7.0
7350,0.6120443,-0.04060351,3.7023716,0.3070855,-0.1655461,0.106876716,4.448749,2.223274,-45.981712,
7400,-0.9675847,0.59939265,2.763174,1.0053657,-0.28826445,-0.030861843,3.9897218,0.47545308,-46.065746,8.0
7450,0.40196094,-0.25332198,2.4621124,0.94619036,-0.011029619,0.2140955,3.808525,-2.1198947,-45.91639,11.0
7500,0.014492306,-0.2993152,5.5552745,1.0308787,0.31803036,0.107728936,4.4565415,-3.9300861,-45.35311,15.0
7550,1.3496125,-3.1302922,15.382365,-0.14639716,0.48394498,0.08290829,4.6427803,-5.0489836,-45.428383,18.0
7600,0.940704,-2.121316,14.923628,1.5386366,0.22849485,-0.22239622,5.7830234,-6.590538,-45.13454,22.0
7650,0.28027064,-1.0816785,18.460558,-0.7840106,0.40053493,-0.22948022,5.5990767,-6.949437,-45.289726,23.0
7700,0.19594976,-1.1845641,20.906698,-0.72121334,0.4541177,-0.10143556,6.210683,-4.6036234,-44.806435,22.0
7750,0.9893322,-0.9083656,18.160519,-0.69474155,-0.23233816,-0.038265437,6.3333673,-3.6703827,-45.61897,19.0
7800,0.28362426,-1.3681777,12.922327,-1.2958697,0.16069086,-0.12998462,6.36224,-1.9079555,-46.102955,15.0
7850,1.0078971,-1.7736123,11.892032,-0.54619056,0.18306139,-0.43816537,6.8192153,1.1407707,-45.7864,11.0
7900,-2.4672236,0.7134931,5.1702013,-0.063306615,-0.2135895,-0.47997695,7.0967875,1.1071527,-46.33626,10.0
7950,-1.5660441,0.8639291,4.3575354,0.012273828,0.07999714,0.4633139,6.9425745,1.0808954,-45.968365,9.0
8000,1.380993,0.052845366,3.0704255,0.4180327,-0.09119072,0.25825065,7.6825204,0.6954029,-46.84312,
8050,-0.28673917,0.0068269633,2.65411,0.70799744,0.1283601,-0.12913242,7.192891,-1.19983,-46.895264,9.0
8100,-1.0150844,0.23331948,1.9778668,0.6991557,-0.2688767,0.029538587,7.8401475,-2.652534,-46.08852,12.0
8150,0.32219148,-0.9701689,3.1777616,0.9749525,0.030462384,0.3148694,7.0424986,-3.9978414,-46.526115,15.0
8200,-0.018445563,-0.20373556,5.566174,0.72988856,-0.79639524,0.14416094,6.829024,-5.7630696,-46.04669,18.0
8250,1.3209864,-2.4692593,13.785898,-0.40008968,0.24149105,0.0042918525,5.414054,-6.1940503,-45.86022,
8300,1.0221503,-2.1140103,16.646698,0.17999956,-0.124959566,0.4022743,5.165988,-5.361639,-45.164116,20.0
8350,3.3117492,-2.7254562,20.318607,-1.1796021,0.33300313,0.01068343,5.1648026,-4.4196124,-45.26792,
8400,-0.006707716,-2.1979713,24.496685,-0.8247568,-0.094759345,-0.11139576,5.409296,-2.5125296,-46.15061,15.0
8450,1.2799037,-1.6424596,12.21171,-0.4091444,-0.56070554,0.0010960534,4.762372,-2.0773284,-45.986023,14.0
8500,1.6689297,-2.5625634,11.821247,-1.7312963,0.6179019,-0.11736125,4.4815245,0.7786687,-45.995125,10.0
8550,-1.7309858,-1.2311311,12.001526,0.2038615,-0.0046913386,-0.44290575,5.7734823,1.4675595,-46.55907,7.0
8600,-0.0061088325,0.813145,2.906953,0.37259918,-0.17310944,0.2731111,5.8980894,1.0437104,-47.417744,7.0
8650,0.37740728,0.4768199,4.570973,0.23741727,0.68900824,0.15864852,6.175078,0.78628236,-47.160248,
8700,0.7847584,-0.12001362,3.217647,0.40706047,-0.0093252165,-0.08449787,7.3146772,-0.28356266,-46.871887,
8750,-0.5994688,0.05485631,3.929463,1.0092539,0.27387506,-0.13685557,7.3779464,-1.9266617,-46.386993,9.0
8800,0.21463451,-0.19630963,1.6416614,1.0776439,-0.12831517,0.019525114,7.564279,-3.365226,-46.14903,13.0
8850,-0.8694393,-0.16313225,6.45849,1.0899476,0.12814704,0.060750805,7.8743134,-5.389243,-45.74645,17.0
8900,0.57359695,-0.8768651,6.6549187,0.6558528,-0.14786273,0.18767695,7.845778,-7.0982656,-45.63451,22.0
8950,-1.2632558,-1.4617213,16.524412,0.5282342,-0.05630333,-0.20764232,6.861387,-7.4047823,-45.438774,23.0
9000,0.3205146,-0.17115709,13.168345,-0.39295238,0.0048960387,0.14852853,6.4308143,-8.484542,-44.260765,26.0
9050,-1.0074189,0.042519607,21.443403,-1.3750721,0.11232789,-0.036347955,6.7042937,-6.1480336,-44.06435,23.0
9100,1.356534,-1.5912092,23.875408,-0.46352607,-0.088527545,0.39002377,7.0098486,-3.9442735,-44.887047,18.0
9150,1.8606876,-1.5598159,9.64831,-0.6706666,-0.36767977,-0.5393654,6.087634,-4.34525,-45.15296,
9200,-0.7472698,-2.547112,12.672959,-2.4304821,0.65987337,0.0667163,7.4371095,-0.76528203,-45.68705,12.0
9250,0.8623719,-1.6971966,10.840178,-0.31774482,-0.17199096,-0.7430438,7.6471047,2.1461976,-44.44648,7.0
9300,-2.7722878,1.7435488,3.799628,-0.4687459,-0.09752898,-0.22926717,7.186143,2.7397816,-45.70293,
9350,0.042279806,0.53191584,5.768232,0.2459394,0.41608778,0.4890933,7.279087,2.645788,-46.163837,7.0
9400,0.38112026,0.3716584,2.3884516,0.4941458,-0.8643589,0.060058393,7.5271544,1.4370629,-46.391277,
9450,-0.7162484,-0.4890371,4.0007277,0.8182404,-0.1655402,0.13644369,6.5749893,0.38794574,-46.58853,7.0
9500,0.4832874,-0.9077667,1.4786489,1.2378062,-0.34578872,0.2041353,6.269458,-0.6583153,-47.23403,9.0
9550,-0.15486804,-0.32865974,3.7262065,0.99764264,-0.041549437,0.2350812,5.379867,-3.717582,-45.858795,13.0
9600,0.94956744,-0.726429,7.8647547,0.54405344,-0.3174527,0.33244628,4.9500513,-4.5758486,-45.642883,16.0
9650,1.6669376,-2.1185932,16.414503,0.08423238,0.064923644,0.08541166,4.5818615,-5.000219,-46.049522,17.0
9700,2.2528276,-3.2636,18.376472,-0.7315997,-0.21071324,0.0948925,3.7810383,-4.971759,-45.326893,
9750,1.7687013,-3.3517537,22.687258,-0.8336519,0.017040052,0.025703643,3.8703778,-2.7021115,-45.474773,15.0
9800,1.8138559,-3.6339412,19.618408,-0.7847563,0.1911041,0.036942177,3.9295204,-0.7010471,-45.805992,12.0
9850,2.5545382,-2.708328,11.033256,-0.9831616,0.36287788,-0.36130658,4.0807357,0.49399433,-44.918446,9.0
9900,-1.712528,-1.8497889,12.406582,-1.2568278,0.24511297,-0.7546551,6.3235874,3.2620132,-45.420906,7.0
9950,-0.747749,-0.5407793,6.830987,-0.05105608,-0.30956975,0.14959379,5.1543865,3.6790853,-45.95006,6.0
10000,0.6852263,-0.37381455,5.7137356,0.5276483,0.38785833,0.30048838,5.0308776,3.7988505,-45.7069,
10050,0.5315563,-0.3214733,3.270347,1.1164728,-0.28091416,0.3018732,5.7436743,1.1648618,-47.05155,
10100,-0.13462624,-0.42663485,3.3589797,1.1544493,-0.0077805817,0.07209586,5.5616817,-0.8988867,-46.84646,8.0
10150,0.011977008,-0.5242506,2.0528452,1.259165,-0.14493325,0.22666559,6.118696,-2.785657,-47.36791,12.0
10200,-0.11330654,-0.2588316,4.1712866,1.2220402,0.04857186,0.02868638,5.168126,-6.0269165,-46.27066,17.0
10250,0.49706143,0.5998969,4.049672,0.5431479,-0.26653308,0.22117949,5.3845387,-7.31112,-45.60041,
10300,1.0114905,-1.4032714,16.055494,-0.12743548,0.17139675,-0.03128795,4.799714,-7.1140814,-45.648182,23.0
10350,2.3820634,-1.1876782,14.30907,0.93782794,-0.35526955,-0.2545672,4.524137,-8.264833,-45.425037,
10400,1.0088553,0.6331248,18.29503,-1.383541,-0.23553388,-0.7964667,4.1841884,-7.2657332,-45.32126,26.0
10450,0.15247193,-0.58066416,23.152819,-1.0591681,0.268389,0.06826093,3.6573873,-4.6474733,-45.20992,
10500,2.1096973,-1.7752893,11.790346,-0.9052909,-0.2549217,-0.5615761,4.4247484,-2.9037857,-45.70626,22.0
10550,0.7534975,-0.48831844,11.215909,-2.0376658,0.3231968,-0.043698274,4.236574,0.0065532685,-46.11609,19.0
10600,1.682823,-0.6404313,8.766534,-0.42178553,-0.11251373,-0.6064592,4.3248305,2.493228,-45.554577,13.0
10650,-1.4302208,-0.038447578,3.8530471,-0.87157536,-0.45210195,-0.70176476,3.2167804,2.9163299,-45.741802,9.0
10700,-2.6791036,-0.3850733,8.746291,-0.03086936,-0.0023477077,0.19571972,3.336874,4.52087,-45.04548,8.0
10750,1.3538042,-1.0025079,2.2212472,0.9067756,-0.473141,0.36355194,2.7858398,3.2308502,-45.97283,7.0
10800,-0.49025396,-0.2980292,5.5211263,0.805256,0.10018387,0.041948907,3.064571,2.0239818,-46.106697,8.0
10850,0.5093982,-0.402201,3.074637,1.4785025,0.493852,0.1557723,3.2824416,-0.0032888413,-45.830177,9.0
10900,-0.5561106,0.22840872,6.158216,0.8326332,0.20894727,0.095265344,3.532861,-2.6327002,-46.412556,13.0
10950,0.99208707,-1.673122,10.605183,0.77867764,0.48746043,0.39838606,5.196317,-4.5159287,-45.823174,17.0
11000,0.27164692,-1.1366546,13.779073,0.43752703,0.4937988,0.0084996335,5.442184,-4.91382,-45.06958,21.0
11050,-0.11642064,-0.97304326,19.476841,-0.35875744,0.21661714,0.3464012,6.0283513,-5.4181848,-45.85393,23.0
11100,2.0024998,-1.797088,19.514927,-0.7802822,0.096082605,0.64376956,6.0876474,-4.2296395,-45.309063,
11150,3.1519704,-1.879253,17.22904,-0.85676825,-0.0034662671,0.26778483,5.9937615,-3.1968606,-45.168602,21.0
11200,-0.8376993,-1.316076,11.312688,-0.8478732,-0.46834722,-0.26314256,5.6231413,-1.9679337,-45.439674,16.0
11250,2.4047008,-2.586518,10.708788,-1.1775721,0.88895816,0.33723998,6.819739,0.20754433,-45.094616,14.0
11300,-1.2705622,-0.46915475,7.397996,-0.21963403,-0.59000033,-0.45680746,6.234335,0.9043835,-45.24106,9.0
11350,-1.574145,0.6964726,3.6445842,-0.08876641,-0.1263977,0.4991068,6.0173635,2.5723128,-45.884834,7.0
11400,0.43561745,0.20577148,3.701653,0.28695205,0.221837,0.6909075,6.480619,1.0508955,-45.546165,7.0
11450,0.64510196,-0.083722115,3.8435855,0.62139153,-0.17018,0.37580246,6.420451,-0.29971638,-45.098675,
11500,0.6716919,-0.663907,1.7374805,0.90081006,-0.25849035,0.19508055,6.115899,-1.9379299,-45.89206,
11550,-0.07773364,-0.8452447,5.415018,0.98304844,0.24149111,0.2638433,6.1793323,-3.3516603,-45.84316,8.0
11600,0.6538455,0.00550946,4.4182606,1.1436902,-0.70638037,0.33713338,5.5052657,-5.5702887,-45.64851,11.0
11650,1.9845343,-2.761388,16.843845,-0.23167148,0.564479,-0.1802118,4.5821776,-5.7570176,-45.390728,16.0
11700,-0.08959131,-0.44903255,13.799672,1.8726735,-0.6611836,-0.1417676,5.1691427,-7.5456114,-45.293518,
11750,0.78787243,-0.4102258,17.062794,-1.7245852,0.31760412,-0.35299757,3.9065623,-6.94193,-45.08429,23.0
11800,-0.58940786,-1.9030882,22.593115,-1.0261984,0.3679911,-0.06250018,5.441607,-4.6166863,-44.918274,
11850,3.2463517,-3.538601,14.761098,-1.1295822,0.40266544,-0.36242512,5.8402753,-3.0301797,-45.700542,16.0
11900,-1.7615154,-2.3443353,14.6232395,-1.4561386,0.05139481,-0.8026452,6.6971984,-0.38025323,-44.84324,13.0
11950,-0.6648717,-0.90484166,8.49253,-0.30549425,-0.48251525,-0.57036453,6.355666,2.2029874,-45.28404,8.0
12000,-2.1577272,0.55563104,5.6542068,0.09318059,-0.049166072,0.22442856,5.739626,2.7528775,-45.367634,7.0
12050,2.0056138,-0.27068922,3.7646542,0.11661638,-0.1980899,0.3760688,5.5560284,1.8393822,-45.14495,
12100,-0.15618555,-0.582341,4.9786825,0.16679032,-0.11558525,-0.20545855,5.6184344,2.0023828,-46.13578,7.0
12150,-0.11701946,-0.43621677,3.155125,0.83827925,-0.14935412,0.019365327,5.37384,0.4439869,-45.597614,
12200,-0.34327245,-0.050664525,2.3256898,0.7454947,0.17283486,0.038806386,5.376878,-1.3042421,-46.165398,7.0
12250,-0.020122398,0.10576024,5.0228796,0.5106041,-0.049112804,0.33745298,5.348167,-2.6346335,-46.367382,9.0
12300,3.3572628,-0.48376703,8.9039135,0.13195617,-0.5540477,-0.11230123,4.4243937,-2.870135,-45.42809,11.0
12350,0.9835831,-3.7068837,18.947193,0.75076777,-0.25886315,-0.6743342,4.1167645,-2.7306376,-45.65403,13.0
12400,0.7114568,-2.7207847,11.456057,0.6930305,0.10167525,-0.15395305,3.5358074,-5.3638535,-45.668938,15.0
12450,0.36051917,-2.4254224,20.315613,-0.7426252,0.05815922,-0.17264843,3.9032013,-4.0315685,-45.675224,19.0
12500,1.3388829,-1.8138624,19.55434,-0.27657238,0.32687193,0.019791434,4.2704577,-2.5237832,-45.776417,18.0
12550,1.5153792,-2.585321,13.202481,-1.2422336,0.3929183,-0.49616894,5.285098,-1.8625548,-45.944542,16.0
12600,1.4323761,-1.3354795,12.252672,-1.0791419,0.44351834,-0.30612597,5.3122163,0.7337017,-45.88108,14.0
12650,-0.44951186,-1.4487855,8.718504,-0.763238,0.47654143,-0.863099,6.6026397,2.369253,-46.239357,9.0
12700,-3.4379914,1.100363,6.2385845,0.084179126,-1.5708417,-0.050888766,5.432123,3.4985213,-46.467266,7.0
12750,1.6097612,-0.1951119,2.5585306,0.10399301,0.45667428,0.49159664,4.601863,2.5536141,-45.7341,
12800,0.6011449,-0.3202757,4.777463,0.49611655,-0.5324229,-0.042633012,6.0807004,1.8545656,-46.61781,7.0
12850,-0.47478428,-0.5600631,3.1418297,0.8100141,-0.19779398,-0.06749508,4.0817876,1.7246519,-47.408905,
12900,-1.0707794,-0.6494144,2.9837284,0.9608377,-0.11659726,0.07981902,4.1771774,-1.2096205,-46.53681,8.0
12950,-0.4617289,-0.42807215,4.2941747,1.197486,-0.22829013,0.3419804,3.07227,-3.0861003,-46.697334,11.0
13000,0.9357933,-0.5638958,6.65911,0.434704,-0.07957931,0.5638215,2.120406,-4.8049607,-46.329674,15.0
13050,2.7570066,-1.8833315,15.449623,0.81692064,0.18955953,0.009138795,2.9823673,-5.4929647,-45.866932,17.0
13100,2.8869104,-1.9574655,13.939211,-0.6247004,0.6450661,-0.13264778,2.6739528,-5.979831,-44.59989,20.0
13150,2.0717292,-2.0357976,22.523405,-0.22059277,0.36671275,-0.109691344,4.5498915,-4.6952133,-45.341927,
13200,1.4811239,-2.4142833,20.70907,-0.9708047,0.33811048,0.074545965,4.179538,-3.9619172,-45.23582,
13250,1.455732,-1.9339901,15.560709,-0.7163131,-0.2611535,0.099952504,5.223992,-2.4770472,-45.567524,17.0
13300,4.871565,-2.623768,13.309558,-1.2048962,0.39148012,-0.32673877,5.00624,-0.7118704,-45.624336,15.0
13350,-1.5617325,-1.0338886,9.34049,-0.50304735,-0.85690224,-1.4120826,4.6023045,2.6056294,-46.198994,11.0
13400,-3.0968745,1.6222179,2.9250388,-0.22836919,-0.38046303,0.17271003,2.9105678,2.1685932,-46.14315,9.0
13450,1.4799263,-0.6805556,5.343634,-0.7322922,0.098159865,0.588216,3.4002395,3.831678,-45.840706,
13500,0.5976714,-0.25523835,5.1443295,0.4448774,-0.10631746,-0.011420796,3.5852349,3.5976987,-45.8953,7.0
13550,-1.0159229,0.661152,2.9028802,0.7092225,-0.29385713,-0.0701168,3.2185826,2.1976485,-46.476307,
13600,-0.4156159,0.13101368,3.3160253,1.2648108,-0.09827469,0.3429391,2.7900867,0.59816706,-46.530354,7.0
13650,0.08312271,-0.11115034,3.3644893,1.2553297,-0.07015176,0.11049863,3.5630531,-2.1614504,-46.479164,10.0
13700,-0.43142605,0.5879701,7.700545,0.8307158,-0.18019351,0.3085844,2.180107,-4.287549,-45.312737,14.0
13750,2.4557242,-1.5155,15.845769,1.4579961,0.6883159,0.094413124,2.4899883,-5.8753595,-45.31759,18.0
13800,0.92453444,-0.43597716,13.777875,0.16945343,0.76261795,0.10938009,4.0922995,-7.7936373,-45.03886,23.0
13850,2.7339592,-0.19295594,18.453367,-0.6264582,0.4866615,0.35273954,4.8624754,-7.91101,-45.761208,26.0
13900,1.5075939,-1.5422093,19.536722,-1.2818083,0.08793335,-0.20732275,5.2597666,-6.016714,-45.6804,23.0
13950,0.8689594,-3.6381328,16.39709,-0.6655001,-0.37636173,0.05169607,5.4723086,-4.267997,-45.29298,19.0
14000,2.1808434,-4.4135504,13.13277,-1.1462239,0.010346658,-0.46904024,5.347103,-2.3310134,-45.782814,16.0
14050,-2.0732875,-0.51155466,7.5907125,-1.0309387,-0.54573864,-0.5063422,4.820869,0.22179738,-46.104046,13.0
14100,0.48807842,0.6247408,4.676732,-0.7251016,0.15786788,0.41761413,4.019072,1.3631542,-45.88958,10.0
14150,1.1618065,0.94345903,3.3357434,-0.62794954,-0.41087633,0.15992685,5.155613,3.431186,-46.75194,7.0
14200,0.57573396,-0.35047755,4.622191,-0.4431796,0.13587019,0.08386703,4.6320815,3.8060482,-46.800262,7.0
14250,0.25523785,-0.79050803,4.9221487,0.68829,-0.10514567,-0.08545661,3.7389462,3.8911452,-46.142494,6.0
14300,-0.7484677,-0.36111853,3.392157,0.9751655,-0.19409516,-0.060156595,3.803453,1.9421098,-46.3969,7.0
14350,-0.47921586,-0.6083319,3.8144803,1.394826,-0.16112527,0.22799718,3.3448772,-0.36169586,-46.1959,7.0
14400,0.26865256,-0.43070716,6.003468,0.78240603,-0.18296316,0.2497818,2.9497235,-3.6448798,-46.47724,12.0
14450,1.4330946,-2.170783,14.94998,0.46596956,0.4690314,0.2467458,2.3334346,-3.6126914,-45.688164,15.0
14500,2.653112,-1.544485,12.471621,0.78954345,-0.18253703,0.11667715,2.211811,-5.023201,-45.241524,18.0
14550,1.6050899,-2.2348619,20.742489,-0.9863043,0.39510208,-0.16604379,2.6726074,-4.369913,-45.392395,22.0
14600,1.1519852,-1.8602092,20.679607,-0.5830487,-0.043253858,0.27806455,2.9778094,-2.6824644,-45.24958,20.0
14650,3.035071,-3.082622,17.483921,-0.81538266,-0.35164768,-0.18085095,1.9306225,-1.641627,-45.5972,17.0
14700,0.7821233,-0.3639931,12.6981125,-0.9968504,-0.42600298,0.0127606895,1.7743142,0.4151327,-45.93444,15.0
14750,3.9618065,-1.5823838,11.091999,-0.8822813,0.05613523,-0.18479243,2.0489845,1.9542421,-45.821617,11.0
14800,-0.78092635,-0.70474994,8.536089,0.20173094,-0.46403295,-0.6512712,1.3712242,2.9398658,-46.283234,8.0
14850,-1.2903249,0.5030503,1.9712794,0.14921346,-0.14381473,0.20179169,0.41862297,1.8097155,-45.984314,
14900,0.7726611,-0.40148234,5.7221193,0.02622878,0.6548134,0.13979337,2.29485,2.4826283,-46.22401,
14950,-0.11222853,-0.24469826,3.3008893,1.0448338,-0.2606209,-0.048971333,1.8369064,0.14146538,-46.548767,7.0
15000,0.41393828,-0.44591847,1.8780949,0.70751804,0.02673396,0.1228024,1.6549336,-1.2857285,-47.155823,8.0
15050,-0.0013178841,-1.179414,4.598281,1.2038777,0.4355821,0.07859397,2.6099892,-2.6775792,-46.527843,11.0
15100,0.030182669,-0.4534642,4.375621,0.9190261,-0.15613037,0.16372627,2.6743455,-5.116687,-46.03371,14.0
15150,1.4931016,-1.3242205,12.186678,0.56445324,0.16585736,0.119180515,2.7673278,-5.9637733,-45.588238,18.0
15200,1.5835308,-1.0175993,14.0391035,1.428009,-0.19856927,0.06820766,2.0303466,-7.672879,-44.782013,21.0
15250,2.2474375,-1.3142793,16.387867,-1.1046549,0.69710433,0.06165629,3.2618587,-8.157247,-44.86958,26.0
15300,2.7779353,0.51996374,21.389027,-0.29185888,-0.30243248,0.18245718,2.982222,-6.012056,-45.087097,
15350,4.2748504,-1.3027812,14.793918,-1.6877804,0.42652735,-0.08939807,2.7659802,-5.077466,-45.47473,22.0
15400,0.10480182,-2.1687462,15.619039,-1.586953,-0.40096933,-0.61680996,3.560121,-1.3408887,-44.848244,17.0
15450,3.2964168,-3.525905,7.8357706,-1.8685554,0.670952,-0.1809042,2.7879882,1.2339628,-45.423462,12.0
15500,-2.2904363,-1.7211514,15.052628,-0.65830964,-0.5098926,-0.49073607,3.7064748,4.4633408,-45.3142,7.0
15550,2.1437132,-0.41884956,3.4595895,0.97894704,-0.36283296,0.27865046,2.3232021,4.425652,-46.462482,6.0
15600,-0.3035075,-0.29440448,6.334882,0.44796664,0.4071396,-0.14830714,3.03276,2.5873754,-45.866386,7.0
15650,-0.7992518,-0.60761327,4.6516995,1.4264643,-0.47638997,-0.00023552403,2.4515755,0.42030907,-46.258137,
15700,0.000119410455,-0.21463504,2.0201468,1.2044103,0.023165321,0.14602515,2.5168176,-2.1174355,-46.443798,9.0
15750,0.037848193,-0.29380557,2.6593807,0.9833148,0.15792117,0.1549201,3.1351905,-4.1746035,-46.5903,12.0
15800,0.74451435,-0.31320897,5.979872,1.0338084,-0.32613456,0.124826394,2.9826932,-5.3815236,-46.30155,16.0
15850,1.1869593,-1.7485546,8.376915,0.57771575,-0.17300294,-0.2261779,1.7860019,-7.6136484,-46.491188,20.0
15900,-0.054736983,-0.09797518,13.803744,0.9645128,0.18215589,0.046103455,2.4943295,-9.00136,-45.34319,23.0
15950,3.0469286,-0.72606975,13.56264,-0.72989523,0.858545,0.13292244,2.5559382,-9.03037,-45.372276,27.0
16000,1.058801,0.6591158,19.657337,-0.79173386,-0.043946277,0.14810243,3.537087,-6.6255484,-45.25191,
16050,5.1501575,-0.43394107,20.12685,-1.1076378,0.043565113,0.26442915,2.9815013,-5.134087,-45.53063,24.0
16100,2.356073,-1.5238836,12.906996,-1.0346673,-0.6060325,-0.90405834,3.071354,-3.5659814,-45.267975,20.0
16150,-0.96980983,-1.5169365,11.223455,-2.13338,0.08255377,-0.03395114,2.9450142,-0.9481371,-45.579998,16.0
16200,3.521473,-1.6279675,9.893725,-0.6082421,0.37390336,-0.09051663,3.1867836,2.32669,-45.704773,10.0
16250,-0.8069173,0.73145926,3.87293,-0.9505113,0.076984815,-0.89709866,3.1855133,3.3567004,-45.840538,7.0
16300,-2.3063674,0.011258709,9.508892,-0.3039496,0.15461883,0.19801003,4.320174,5.2761,-44.8131,7.0
16350,0.014132944,-0.81506175,5.053422,1.8091072,0.23547235,0.44722837,4.692685,3.5878053,-45.681923,6.0
16400,0.03401544,-0.40303937,2.6817782,1.3592463,-0.50547165,0.17334914,4.6067977,-0.7829262,-46.03582,7.0
16450,0.8952152,-0.61044997,3.7290566,1.0802537,0.33816373,-0.056587964,4.086719,-2.3355002,-46.804615,10.0
16500,-0.29212898,-0.10276618,3.3898816,0.94816095,0.5415226,-0.11022397,6.1482778,-4.216661,-44.50294,14.0
16550,-0.027548367,-0.7308606,9.809285,0.18681726,-0.020084351,-0.21627097,5.6578693,-5.291036,-44.874126,18.0
16600,0.73696864,-2.3085225,13.150858,0.33382362,0.1941401,-0.20322149,5.166306,-5.394828,-45.411354,20.0
16650,-0.88153636,-0.7986525,16.031418,0.62288284,0.014110571,0.12855484,5.3516655,-6.270458,-44.994213,22.0
16700,3.06741,-0.885489,17.194187,-0.4340183,0.27632517,0.3304755,5.536947,-6.9134765,-44.79644,24.0
16750,0.6918138,0.6203091,17.390255,-0.5496527,-0.45662937,-0.18836106,4.9200273,-5.5703583,-45.07496,
16800,0.2061307,-0.7657148,17.94816,-0.46235433,0.34077373,0.025650388,5.6274695,-5.035895,-45.52785,22.0
16850,-0.96969014,-2.2906766,10.714537,-1.0489416,0.044523876,0.3805962,6.0561094,-3.6409333,-45.347626,19.0
16900,1.7865474,-3.336063,13.02653,-1.0738689,0.50477093,0.36562923,6.3606825,-1.5688314,-45.116425,15.0
16950,0.20553169,-0.69792277,4.348073,-0.092335045,-0.3016335,-0.338723,6.391767,-1.2252376,-45.831543,10.0
17000,-2.3516667,1.3563641,3.740277,-0.8427067,-0.030364174,0.1283418,6.2973356,0.30687922,-45.82067,9.0
17050,0.9278882,0.7313394,5.4592156,0.1789343,0.7454139,0.7824136,8.112175,1.1216347,-46.373077,7.0
17100,0.89722604,-0.6833104,3.4121597,0.5308441,-0.08842104,0.16839568,7.3757324,-0.6814772,-45.937172,7.0
17150,-1.8507471,-0.9221395,6.269845,1.0500003,-0.2842697,0.47055775,7.5324936,-2.5706105,-46.22093,7.0
17200,2.1955755,-0.39633203,2.1958551,1.5330973,-0.1861057,0.50896055,7.0122514,-4.902516,-45.866383,10.0
17250,1.0431107,-0.3514169,4.897955,0.8862693,-0.07276168,0.02778091,6.24487,-6.9064436,-45.02653,15.0
17300,0.5783879,-0.3548903,10.941987,0.6645879,-0.24229833,-0.11629598,5.661748,-8.179327,-44.77868,21.0
17350,0.17439051,0.65516317,11.309093,0.6317009,-0.1708665,-0.40228373,5.725975,-9.574694,-45.472847,25.0
17400,-0.56557286,0.8532694,17.660345,-1.05283,-0.00059004425,0.12147083,5.846029,-8.490634,-44.08952,29.0
17450,2.9129014,0.3323725,22.38483,-0.6543681,-0.52107775,0.31758586,4.737389,-6.786084,-45.344006,25.0
17500,3.161552,-0.71780527,21.145649,-0.5051247,0.097573966,0.03369311,4.275416,-6.352713,-45.484333,23.0
17550,-0.6450775,-2.2261372,16.17344,-0.39327198,-0.24155264,-0.63758266,4.488155,-5.098701,-44.657825,20.0
17600,-0.19583075,-0.8445261,7.56568,-0.4985733,0.11557694,-0.06649492,5.226333,-3.6660485,-46.203697,18.0
17650,-1.0475432,0.33848098,4.854117,-0.7845965,0.27025318,-0.1155503,5.7162633,-2.816873,-45.118,15.0
17700,0.8603357,0.7628399,4.6023526,-0.8587922,0.045163035,0.42198166,5.038358,-1.2504146,-46.17445,12.0
17750,1.7593588,1.1748624,3.354428,-0.23934141,0.84895754,-0.028464999,6.791054,-0.34166202,-46.296135,8.0
17800,-1.0401173,0.072582886,6.9956756,-0.36919704,-0.31782556,-0.3991767,7.774263,-0.019394685,-45.439686,7.0
17850,-0.54916394,-0.5997082,4.9325705,1.5300081,-0.5757259,0.24418919,5.9595523,-0.22800294,-45.760986,
17900,0.8241641,-0.31716147,2.4501352,1.2316811,-0.087036185,0.09659693,5.4723387,-3.6894786,-46.04254,10.0
17950,0.099531785,-0.5937195,5.8902817,1.0824907,-0.17476064,0.031189745,6.3978443,-5.6479726,-45.811134,15.0
18000,1.6558743,-1.8058316,10.838623,0.5058637,0.116109565,-0.16151643,5.291625,-7.014923,-45.42042,19.0
18050,-1.0780852,-1.4432762,17.754246,1.4256656,-0.3188375,-0.42666048,4.801919,-8.677544,-45.691933,23.0
18100,0.315604,-0.20169942,14.731033,-0.289249,0.26993364,-0.18037158,5.387195,-9.980531,-44.671795,29.0
18150,0.3698489,-0.1782553,26.29219,-0.19870162,-0.6297347,0.11161715,5.231091,-8.4474945,-44.53866,
18200,3.45931,1.8016393,13.713915,-0.044291664,-0.36965054,0.0451447,3.2019398,-8.990156,-45.29477,
18250,-1.1300672,-0.24673447,10.190646,-1.9391292,-0.14258969,-0.33893606,3.7531857,-7.35562,-44.99046,
18300,2.8634346,-2.3013363,11.319873,-1.5613334,0.6971043,0.029005969,3.8719926,-3.5340881,-45.898438,21.0
18350,-0.10719798,-0.7005578,7.730249,-0.76792514,0.4866082,-1.0729558,5.9309607,-1.8204877,-45.743256,14.0
18400,-2.392125,0.85279024,4.930294,-0.75918996,-0.102908626,-0.07262015,5.3135767,-0.036994554,-46.150703,12.0
18450,1.1703107,-0.45082918,7.1166472,-0.020376498,1.1174039,-0.043431967,6.8486114,1.4200087,-44.891277,9.0
18500,-0.4456791,0.79074734,4.617325,0.56109756,-0.44753912,-0.15975876,7.312116,0.4162918,-45.42527,
18550,1.4781295,-1.2004944,4.519589,0.84040964,-0.302752,0.044771854,6.3914227,-0.87330914,-45.959435,10.0
18600,-0.8997421,-0.6476178,4.9667053,1.3969567,-0.25966212,-0.3404274,6.763591,-2.5859895,-46.487507,14.0
18650,-0.5116746,-0.16971973,2.9741461,1.5219653,-1.3002647,-0.08625556,4.8289585,-5.848676,-45.84782,20.0
18700,1.1129516,0.82431555,4.737805,-0.01851232,-0.33028913,-0.15688254,2.431139,-7.040909,-46.29605,27.0
18750,1.1747423,0.94753134,16.591125,0.065803304,0.4714814,-0.20694987,3.1068528,-6.3783307,-46.039295,
18800,2.549627,-1.1093462,13.184038,-0.944759,0.8281317,0.12083167,2.9833195,-6.489787,-45.48393,30.0
18850,-0.3360859,-2.541483,27.826878,-0.84680796,0.09389883,-0.1757377,4.639447,-2.6600301,-45.39422,27.0
18900,2.5886736,-0.9778342,13.750206,-0.14543843,0.0657226,0.648723,4.2405376,-3.5196831,-45.30133,23.0
18950,1.840805,-0.6981624,11.821247,-1.7454641,0.19461949,-0.0077988924,4.176282,-1.4292618,-45.45095,
19000,1.1349775,-2.6692817,10.490319,-1.5327312,0.3939303,-0.06303281,5.617886,1.7781096,-45.359367,15.0
19050,1.5751468,-2.097002,14.951658,-0.329516,0.44612822,-0.31267732,6.0761704,3.9700108,-45.156685,10.0
19100,-1.014725,0.48017353,4.2432714,0.9783081,-0.24773121,-0.2892415,6.5388823,3.1215782,-45.16631,9.0
19150,-1.8524239,0.906449,3.8348415,0.7203013,0.05027628,0.35843873,6.8806977,1.0555756,-45.62912,11.0
19200,0.917947,-0.38758862,1.7292159,0.96041167,0.11472472,0.41702825,6.237274,-0.8714746,-45.684715,13.0
19250,0.04116405,0.12735736,3.369482,0.65137875,0.3140888,0.057555027,7.530947,-1.9132086,-45.64048,15.0
19300,-1.0815588,-0.1472023,3.3248444,0.8460023,-0.269356,8.405745e-05,8.271349,-3.607315,-45.292915,18.0
19350,-0.34171548,-0.7812854,7.0455017,1.0122899,-0.0068750978,0.4936739,6.4894247,-5.3185663,-45.56504,23.0
19400,2.1211963,-0.4890372,6.982979,1.0681096,-0.7591642,0.062348716,6.647223,-7.91619,-45.902473,28.0
19450,-0.9832246,1.7200733,14.630664,-0.028898597,-0.17982063,-0.26575243,6.2142425,-7.4587264,-44.463757,32.0
19500,2.3067257,-1.3760829,18.411926,-1.3031136,0.33001453,0.47002512,5.106389,-7.1540146,-44.68055,
19550,2.4753673,-0.9592695,21.72236,-0.5260038,-0.49274176,-0.2806129,4.6746473,-5.7289143,-45.57447,29.0
19600,2.0956836,-1.2516377,19.462345,-1.1271082,0.12166671,-0.1620668,3.9943779,-3.4073436,-45.432568,26.0
19650,0.08863233,-1.9060824,11.513908,-0.57388735,-0.29742575,-0.9159361,5.0077806,-1.8902162,-45.54873,22.0
19700,-2.5102222,-1.2433733,10.517149,-1.7881281,0.8355352,0.12147085,5.2501283,1.0874758,-45.824818,19.0
19750,1.2475652,-2.1198788,9.950379,-0.41590887,-0.16591904,-0.074910484,6.293948,2.4360554,-45.41208,13.0
19800,-1.5891483,0.9226561,4.210169,-0.034651026,-0.161871,0.18155172,5.739845,2.6920602,-45.49073,11.0
19850,2.1595235,-0.42040658,5.4086723,0.401095,0.5108429,0.58012,6.5404596,1.5664545,-44.653008,10.0
19900,0.25475875,-0.29129028,3.7046478,0.63854223,-0.2150276,-0.018984158,6.3899107,0.88355505,-46.7846,
19950,0.28769654,-0.68774194,2.1473463,0.91508454,0.28250372,-0.05696081,7.1905336,-0.47373676,-45.66561,12.0
20000,-0.65049255,-0.2614666,2.8221526,1.1593493,-0.019391958,-0.13903937,7.285703,-2.9708772,-45.139088,15.0
20050,-0.31392783,0.77900946,2.2218466,1.0346072,-0.44070372,0.090737976,5.7501764,-4.768691,-45.52788,22.0
20100,1.6043713,0.6454616,9.364683,0.050357006,0.13097,0.35316566,5.6271143,-5.175892,-45.030987,26.0
20150,2.2521083,-1.2696038,14.409922,0.92637646,-0.3613415,-0.4496169,5.351475,-6.1810865,-44.933342,
20200,-0.06431898,-0.92944586,19.295498,-0.49841347,0.18247549,-0.30356932,4.459863,-6.261003,-45.44984,32.0
20250,1.4790878,0.8464422,20.568815,-0.3223254,-0.13252294,0.1242405,5.1357465,-5.5717225,-45.379112,
20300,3.2159297,-0.3374033,18.481153,-1.2630596,0.20894727,-0.22388761,5.071329,-3.3633733,-45.530098,29.0
20350,-0.87003815,-2.2548642,14.606947,-1.1306474,-0.09225598,-0.54666245,6.5152,-1.865021,-45.356773,24.0
20400,1.2715577,-2.6856909,11.868892,-1.2964022,0.8358548,-0.5276475,5.9570994,0.99140584,-45.06325,19.0
20450,-4.251855,1.2579854,7.058197,-0.34128714,-0.78228045,-0.99876034,6.908423,3.006938,-45.310547,15.0
20500,-1.7716963,0.19331506,5.0722265,-0.5139664,0.7439226,0.6115986,6.076831,3.4112458,-45.057343,14.0
20550,0.5474862,-1.3890183,8.501712,0.94405985,-0.48331428,0.3020863,7.64644,3.2839437,-45.264454,11.0
20600,0.12851712,-0.8756673,2.05033,1.0592148,-0.304563,0.048553545,5.6193643,1.1216342,-45.877937,13.0
20650,-1.5559833,-0.64546186,4.7930336,1.2380726,0.55366653,0.5720773,6.9777756,-1.8143412,-46.3673,16.0
20700,0.1650481,-0.5466484,0.6711332,1.1034234,-0.3300228,0.48840085,6.858329,-4.2669053,-46.589485,21.0
20750,-0.81446314,0.49418706,4.512643,-0.53712994,0.5863583,0.36861196,7.042601,-4.8964896,-45.494263,24.0
20800,2.3872135,-1.3552423,14.2923,0.3557148,0.1280405,0.67892325,7.5032682,-4.8493495,-44.771435,
20850,3.131848,-2.0823898,6.1454,1.8954998,-2.0237384,-0.88978386,5.354407,-8.101573,-45.189613,26.0
20900,-3.9549356,1.0312535,17.577223,-1.3659642,0.9956444,-0.18713605,4.5831203,-6.5221543,-45.288994,32.0
20950,3.6031144,-2.0700526,19.672224,-0.2449873,0.04505649,1.207507,4.859587,-6.396319,-45.03595,29.0
21000,3.1925735,0.003113985,18.634106,-1.2598639,-0.44523102,0.23406918,4.98195,-5.053576,-46.069904,26.0
21050,0.28015083,-2.4126067,17.520092,-0.8444111,0.35195893,0.42139578,4.423799,-3.2095554,-44.464638,22.0
21100,1.9785452,-2.6579037,12.163081,-0.963987,0.42189345,0.28227234,4.852577,-1.2664835,-45.09553,17.0
21150,-0.65300786,-0.56545293,7.8811655,-0.26591974,0.2779231,-0.3841565,5.682931,-0.26492995,-45.984108,13.0
21200,1.0889841,0.60605586,1.9773874,-0.857141,-0.22759771,0.3772406,5.466072,0.44631404,-45.533447,12.0
21250,0.86871994,-0.74176,11.62937,-1.1995698,0.24149105,-0.17925307,5.922727,3.3545804,-44.750977,8.0
21300,-0.053179987,0.3454278,3.845262,1.0254459,0.029343855,-0.1141122,6.6015244,3.1367064,-46.18636,7.0
21350,-0.27296516,0.20002234,3.7362678,0.8546308,-0.33444363,-0.1632741,6.1425457,1.1277193,-45.988792,8.0
21400,-0.5740769,0.3777667,2.2037604,1.2490981,0.23952034,0.20189825,6.6365843,-1.0302508,-44.86817,11.0
21450,0.14516571,-0.0713854,4.0242043,0.03176815,-0.029671738,-0.19384716,6.8856797,-2.1658175,-46.11789,15.0
21500,-0.7970015,-1.2412173,12.027497,1.0048864,-0.15473369,0.5939152,6.576964,-2.7065516,-44.509758,15.0
21550,2.0541227,-2.313194,11.706743,1.4210317,-0.15446737,-0.054617215,5.167127,-6.2451677,-45.091957,20.0
21600,-0.020361926,0.047430336,13.944361,0.17035893,-0.4224344,-0.0939787,5.2282686,-6.007453,-45.03129,25.0
21650,1.6964777,0.20577149,17.418282,-0.47737455,-0.12719662,0.104320094,4.8290205,-6.5441957,-45.034992,
21700,0.47873607,-0.42675462,20.8443,-0.92100346,-0.15526631,-0.030435747,5.4122243,-4.780313,-45.9695,23.0
21750,2.3242123,-0.33776262,15.93165,0.23251705,-0.11196337,0.24578705,3.8719954,-3.7367547,-45.648468,20.0
21800,-0.124086164,-1.5610136,6.9212966,-1.3732612,-0.41268724,-0.3298813,3.5029361,-3.5995812,-45.96876,
21850,-0.6686985,-1.7969682,12.366816,-1.4035442,0.38857436,0.51402044,4.0519958,-0.3149887,-45.74552,14.0
21900,1.8636818,-1.1844447,4.6490655,0.054191954,0.440003,0.33787915,5.1600714,-0.50686914,-45.870502,9.0
21950,-1.0996448,0.47430462,5.0383306,-1.0087813,-0.67889655,-0.27922803,4.6965036,1.018718,-45.930645,7.0
22000,0.6271359,0.63048977,4.668947,0.21163788,0.0059080524,0.48392677,3.7107093,1.8886944,-45.934288,7.0
22050,2.1779308,-0.283152,3.341367,0.061169423,0.38029492,0.12967333,5.0054784,0.7455429,-46.755535,
22100,0.1438481,-0.2859005,5.1382217,0.9557244,-0.5856327,-0.23555222,4.113465,0.0341671,-46.11947,
22150,0.6465392,-0.66762,3.3575425,0.77255243,0.31099954,-0.03166079,3.716243,-1.311092,-46.949493,8.0
22200,-0.25871196,-1.8179287,9.969062,0.7004341,-0.10232272,0.20924854,3.717519,-2.920084,-46.095104,10.0
22250,2.8363662,-2.985006,11.661827,1.125634,0.23131783,0.24658604,4.6723948,-4.8305626,-44.656353,13.0
22300,-0.56617177,-2.3458922,19.295738,0.50964534,-0.08586439,-0.42740616,4.0289974,-5.9764266,-45.71148,16.0
22350,1.9379416,-2.551065,14.865541,0.30298418,0.04281948,0.11039208,3.505693,-6.617677,-44.69563,19.0
22400,-0.18181717,-0.3873491,22.168154,-0.50714874,0.010382166,0.0106301755,4.736075,-6.0738873,-45.042755,
22450,3.0814235,-1.3360783,13.42969,-0.81959045,0.35574058,0.099579684,4.6433697,-5.230507,-45.735786,18.0
22500,-1.0532923,-2.0786767,14.986633,-1.2632195,-0.181312,-0.508739,5.039555,-3.176758,-44.85208,15.0
22550,3.1784406,-2.6043642,10.380247,-1.1704347,0.7057861,0.06186936,5.128836,-0.9642208,-44.87549,10.0
22600,1.2811016,-0.20349602,7.4843535,-0.093080714,-0.08218924,-0.807652,6.5427413,0.6966578,-45.63337,7.0
22650,-0.80330515,1.5448503,1.3474461,-0.44664174,0.113020286,-0.3541693,6.1425714,1.3589413,-46.301006,
22700,-0.5994689,-0.057132315,6.141568,-0.19768962,0.28154498,-0.05621512,6.848265,2.1482518,-45.487812,7.0
22750,-0.62581915,-0.36674798,3.6170926,0.8602236,-0.27153984,-0.11437851,6.665625,0.75887793,-45.538185,
22800,-0.8999817,-0.26637736,3.1683002,0.7130042,-0.113721035,-0.18015856,7.282454,0.25637132,-46.22893,7.0
22850,-0.5300001,-0.6988809,3.215371,1.5134966,-0.14764968,0.17063275,6.207898,-1.9903971,-45.548683,10.0
22900,0.40196094,0.024433743,3.4979177,0.9026211,-0.18562633,-0.014616584,5.3816643,-4.9572077,-45.937263,15.0
22950,0.7575697,-1.115814,13.031323,0.5894869,0.12063694,0.28365722,5.5972204,-5.5642548,-45.33677,19.0
23000,1.1294678,-0.037489332,14.324521,1.2712733,0.088643506,-0.37458685,6.1545076,-7.802027,-45.66842,23.0
23050,-0.15187368,1.5201705,18.112133,-0.09276115,-0.18019351,0.012654168,5.415954,-8.53499,-44.65686,28.0
23100,1.5691583,-0.34722477,22.72343,-0.89218825,0.2427161,0.22458836,5.383052,-6.972922,-44.67577,
23150,2.1178422,-0.76272047,16.860256,-0.6635826,-0.09534526,0.21217802,5.474292,-5.944291,-44.99494,23.0
23200,-0.8029269,0.57581615,12.718025,-1.1100347,-0.25295097,-0.053551964,5.4408364,-4.0275135,-44.956066,21.0
23250,2.9350598,-1.2782276,8.658018,-0.9728818,0.17949276,0.37873197,4.6074095,-2.18045,-44.843422,15.0
23300,1.6423393,-2.189228,10.288381,-0.7402283,1.1397746,-0.24679074,6.6674604,-1.2338396,-44.710285,12.0
23350,-1.8590114,1.2536736,6.2789483,0.026282042,-0.43622956,-0.48700762,6.635335,0.2600004,-45.347435,10.0
23400,-1.1067116,1.5296327,2.2261581,0.10218207,0.18007864,0.26725215,6.8522997,-0.27898484,-46.10962,
23450,0.0916267,0.22170138,3.5460668,0.165512,-0.4159363,0.18847594,7.4677935,-0.87949926,-45.468292,
23500,-0.8371002,0.46999273,2.7798731,0.5757982,-0.541371,0.06815439,6.0545754,-1.7679951,-46.297935,
23550,-0.022996962,-0.13630287,0.88492966,0.76951635,-0.13571873,0.2904749,5.2255116,-2.989356,-46.304413,12.0
23600,0.19738707,-0.41333994,6.2915244,0.69255114,-0.17614548,0.2563332,4.6117105,-4.553355,-45.77538,15.0
23650,1.6381477,-0.4374145,6.6129966,1.2494175,-0.2709007,0.34038252,3.813459,-6.556361,-44.843445,19.0
23700,0.96513784,-0.6743274,17.526918,0.13174315,0.105776474,-0.11986463,4.6151476,-7.493661,-45.21504,23.0
23750,3.0361426,-2.9670963,20.013897,0.63476056,0.08574955,0.13404094,3.5698998,-8.446932,-44.827614,24.0
23800,1.880091,-0.5111952,17.228802,-0.42357874,-0.24155264,-0.004762885,3.6626759,-8.567629,-45.102478,27.0
23850,4.0484776,-3.0343533,26.583622,-1.674571,0.46477023,-0.016001403,3.5962043,-5.405669,-44.5836,23.0
23900,-0.49191195,1.898776,5.449874,-0.021654796,-1.0622317,-0.65926087,2.7041602,-4.66936,-45.728626,21.0
23950,-1.5038816,-3.0799868,11.768308,-4.057086,2.9481127,0.8113887,4.9747624,0.107594684,-46.006035,16.0
24000,2.1326942,-1.9355469,15.407163,0.0690523,-0.8845458,-0.28588593,7.400655,3.2465568,-45.548706,7.0
24050,-1.5207698,1.2773888,0.5598632,-0.33931637,-0.32640085,-0.42064175,5.123971,2.9213562,-45.32299,
24100,-1.4474684,0.031620152,8.327442,0.3010135,0.6756393,0.88286793,6.2617965,3.148711,-45.049694,7.0
24150,2.4966872,-0.95974845,1.7817968,0.96412224,-0.44795337,0.19094974,8.203229,1.4870086,-45.69408,
24200,-0.7670326,-0.08120687,2.4877446,0.8324736,-0.31841147,-0.22798884,6.942912,0.7579851,-45.871758,7.0
24250,0.5616196,-0.6473783,2.6654887,1.0451002,0.24500647,0.09989925,5.5308146,-1.650593,-45.817078,10.0
24300,-0.8404539,-0.32877952,4.814353,0.62922126,-0.41998425,-0.11847977,6.4561143,-2.8826976,-46.305992,15.0
24350,0.3354297,-1.3855764,10.170498,0.9761243,0.3066319,0.5342072,5.8412642,-4.4037805,-44.879845,18.0
24400,2.0443008,-0.13079324,12.136251,0.73287135,-0.12543891,-0.31837645,5.8441005,-6.554563,-44.762005,23.0
24450,-0.9150729,-0.1739119,14.757265,-0.40770632,-0.5986292,0.015849989,5.105237,-6.3860993,-44.59662,25.0
24500,3.0403414,-3.5689044,26.416782,-0.4009951,0.15227523,-0.07533658,5.164752,-4.8820553,-44.643505,23.0
24550,1.0269413,0.2990754,17.723347,-0.5029409,-0.25476193,0.030017966,4.518228,-4.9153204,-44.256813,
24600,1.1664774,-1.839488,15.288341,-1.0035614,-0.1769444,-0.48679462,4.239822,-3.220696,-45.026234,20.0
24650,0.93160135,-0.9724447,9.5388365,-2.0910888,-0.42520413,-0.1878817,3.1589901,-6.0462953e-05,-45.492798,15.0
24700,1.372849,-3.651308,14.147616,-1.0515516,1.6796501,-0.67561257,4.814762,4.0660143,-45.374897,8.0
24750,-2.6192172,0.5672492,5.5418596,0.8380129,-1.313421,-0.6263974,4.6308074,3.9388,-45.81133,7.0
24800,-0.6297717,1.5866451,1.6557945,0.34836447,0.21965317,0.2518058,4.0783315,2.928477,-45.782417,8.0
24850,0.13390689,-0.014612554,5.8226094,0.70235145,0.081009135,0.36589557,5.4642663,1.9176251,-45.736237,
24900,1.3944832,-0.43268034,1.5255939,1.3457706,-0.41700155,0.023200253,3.9009578,-1.1650509,-47.225166,10.0
24950,-0.22026463,0.33009678,2.2753854,1.0219305,0.431907,-0.18372717,4.9186373,-3.178329,-46.805107,15.0
25000,0.82248706,-0.49873877,3.3240058,0.7808082,0.3010393,-0.0028986817,5.504407,-5.066781,-45.499596,19.0
25050,-0.41310066,-0.123247504,9.817069,0.92461884,0.29123887,-0.07043639,5.843755,-5.8263197,-45.35855,23.0
25100,1.5962267,-1.2836174,13.874652,0.85122204,-0.16597216,0.031136483,5.53823,-7.8278756,-44.816772,26.0
25150,0.7259494,-0.13522491,12.179131,0.5656249,-0.24821058,-0.42383757,5.7559614,-10.026941,-44.197784,30.0
25200,0.6271359,0.22709122,21.239193,-1.1867869,-0.12245621,-0.09728104,5.5087757,-8.714186,-44.900097,
25250,2.985724,0.5403001,18.686089,-0.09179058,-0.14245948,-0.08371076,4.6454024,-7.717931,-44.468822,28.0
25300,1.7742109,0.974121,14.87045,-0.65079945,0.14119652,-0.19768211,4.4901032,-6.2245684,-45.016182,
25350,-1.2943975,-0.97519934,11.599065,-1.7067419,0.0019665747,-0.037999082,4.794467,-3.7733715,-45.06794,23.0
25400,3.4532018,-2.4132056,11.709975,-0.84297293,0.60442644,0.22501448,5.6534934,-1.7882601,-45.286232,15.0
25450,-1.0987055,0.017291427,7.483023,-0.7312268,-0.07377366,-0.84589493,6.575647,-0.51811564,-46.05183,13.0
25500,-1.8945843,1.3207471,6.0592833,0.20279622,-0.20671856,-0.28876215,6.4813385,1.0992041,-46.258625,12.0
25550,-0.86129475,1.1858814,1.5670424,0.44674164,-0.0824023,0.28248543,6.5761414,-0.37997133,-46.672474,
25600,0.38627055,-0.72618943,3.6157749,0.37355796,0.002818788,0.25915614,6.513728,-0.13763905,-46.181587,13.0
25650,0.47490326,-0.17834352,2.9415677,0.67737114,-0.17199096,0.1718578,6.547568,-2.435827,-46.092224,15.0
25700,-0.06719352,-0.07617636,3.9231148,0.979107,-0.22173877,0.051909126,5.041932,-3.816259,-46.206543,17.0
25750,1.4063851,0.22948667,3.065055,0.74964917,0.273449,0.29857093,5.413186,-5.458858,-45.992577,22.0
25800,0.57599247,-0.89459133,15.544418,0.34532848,0.32767096,0.13867483,5.4136395,-6.391158,-45.2389,23.0
25850,0.5097574,0.72367394,10.414741,1.2916553,-0.6933841,-0.048012596,4.861533,-8.072149,-44.70697,28.0
25900,0.3643519,-0.3704609,18.216097,-1.4419174,0.05767987,0.18693127,3.5677845,-7.1741195,-44.501923,
25950,2.5947824,-0.85386837,24.204073,-0.7201481,-0.07606399,0.27715907,4.304323,-5.140712,-45.31192,24.0
26000,3.1799977,0.25859183,15.750072,-0.649308,-0.20011392,-0.13515115,3.8425763,-5.1734915,-45.07541,22.0
26050,-1.7511582,-0.30698067,16.189455,-1.5056734,-0.0026140332,-0.28759032,3.5937634,-2.0444458,-46.57262,18.0
26100,3.8825917,-1.6507244,11.09973,-0.65623224,0.7712466,0.45324713,4.1143546,-0.8170992,-45.86196,14.0
26150,1.11785,-1.5085526,12.176019,-0.6391348,-0.124533534,-0.85617477,6.5744905,0.82878286,-46.686516,10.0
26200,-1.4090207,1.1046749,4.4630556,0.43869877,-0.108448006,0.054785352,4.1741257,0.799312,-46.281586,
26250,-0.9272901,0.7604445,3.9303012,0.6758798,0.38972244,0.66970867,6.022608,-0.56573045,-46.71504,
26300,0.72427255,-1.2763112,4.349749,1.2249697,-0.8057162,0.41409874,4.949842,-2.9231803,-47.519203,
26350,0.48831797,-0.44136706,1.7986847,1.165161,0.24221903,0.036427297,4.9826803,-5.063304,-46.719776,14.0
26400,-0.14744204,-0.6140809,5.294526,1.1986045,0.35637978,-0.104205236,5.230767,-6.735399,-46.384716,17.0
26450,-0.48939657,0.21906638,0.7707853,1.3853452,-0.66867006,-0.020741843,5.7580624,-10.31544,-45.742043,23.0
26500,0.57491446,0.26769465,8.066935,-0.18240306,0.056028716,0.17239043,4.712933,-10.980844,-45.822235,25.0
26550,1.5582585,0.01904391,12.726378,0.32684615,-0.19819643,0.06527818,3.3275669,-10.585402,-45.613647,
26600,1.8629885,0.6293991,13.649363,-0.2666654,0.250173,0.014518377,3.049499,-10.313614,-44.911797,28.0
26650,2.856009,0.005509463,21.264105,-1.0876107,0.41028208,0.27161974,4.370733,-9.083392,-44.800323,25.0
26700,2.9444022,1.7751691,17.765982,-0.6455797,-0.062268805,0.0736405,4.0630903,-8.509543,-45.557487,23.0
26750,1.5676007,-1.6034138,17.381271,-1.0929903,0.13464513,-0.07123534,5.014182,-6.3751574,-45.74427,19.0
26800,3.1508923,-1.3099678,11.15818,-1.2357357,-0.17369536,0.17665151,4.3644238,-3.6155257,-45.9162,15.0
26850,1.462559,-1.9355469,11.8596945,-1.1945099,0.618328,-0.9486396,5.0080085,-1.6327555,-46.07791,10.0
26900,-0.21379682,0.3890256,4.5234213,-0.095157996,-0.72582144,-0.66389465,4.914417,-0.31442374,-46.559803,9.0
26950,-0.257155,-0.13642263,5.94478,-0.7406012,0.69785,-0.24753647,5.252584,0.7653259,-47.647247,8.0
27000,-0.039525744,-0.7614029,5.9062123,0.5689273,-0.5283748,-0.21967983,4.974269,1.2430246,-46.97873,7.0
27050,-0.9895725,-0.43681565,3.272623,0.7041625,-0.083520815,-0.06750692,4.7614493,0.04797516,-47.805916,9.0
27100,-0.5703638,-0.71001995,4.28603,1.3272351,-0.4122611,0.09286851,4.5181265,-1.9904686,-47.819324,11.0
27150,-0.6852963,0.68159544,0.9823248,1.3300048,-0.47085062,0.08397356,4.059352,-4.523179,-47.151386,15.0
27200,-0.38267797,-0.20840678,7.466986,0.32764512,0.41321158,0.52536553,2.859892,-5.879022,-45.92741,18.0
27250,1.9947147,-0.06659445,9.999244,1.3522688,-0.109406725,0.28765196,3.847905,-8.023203,-46.342297,23.0
27300,-0.1991843,0.86848056,12.545282,0.051475573,0.33400923,-0.11933198,3.9714768,-9.214801,-45.303978,26.0
27350,0.9397457,-0.47095123,20.258362,-0.20338878,-0.005170694,0.77692753,3.5700593,-8.738507,-44.607563,
27400,4.889292,0.6359994,18.347607,-1.2549105,-0.16336231,0.60962784,2.1855779,-8.441704,-45.078773,24.0
27450,4.9003105,-1.5314295,21.29225,-0.95940626,0.31664544,-0.09680165,3.2274947,-5.0994806,-45.43205,19.0
27500,-0.3376431,-0.845125,12.114694,-1.6239946,0.02750924,-0.47708893,4.025523,-3.3829544,-45.803505,15.0
27550,0.78152454,-1.059041,9.905464,-1.5351813,0.12628284,-0.27992043,2.852468,0.15363064,-46.740326,10.0
27600,-0.36243623,-0.76080406,8.655023,-0.43966419,0.18913338,-0.11262083,3.249578,1.9056133,-46.31739,7.0
27650,0.7630794,0.11246755,4.023484,-0.10245504,-0.39777356,0.07949945,3.2505355,1.429735,-46.59043,
27700,0.8064564,-0.3442998,5.7227235,0.03784015,0.23403423,0.055371236,3.5874798,2.5547168,-46.62603,7.0
27750,1.2875693,-0.57958615,3.7068024,0.7669598,-0.039685227,-0.1877219,3.9275985,1.2060058,-46.447186,7.0
27800,-0.4859232,-0.09042947,3.1075742,0.5697262,-0.19819644,-0.48509017,2.8827527,0.5078796,-46.743675,9.0
27850,-0.87183475,0.2009805,1.2992276,0.7013928,-0.014065629,-0.0896644,2.793578,-1.5323994,-47.031788,11.0
27900,0.013414318,-0.07485885,7.458842,0.07778754,0.45560908,0.12823525,3.8393655,-1.7730582,-46.414886,13.0
27950,3.8795974,-2.4030247,10.1809435,1.1174314,-0.2071979,0.103414655,3.071254,-2.6673322,-46.299828,15.0
28000,0.6409095,-1.2123518,11.37509,-0.10746179,-0.22525413,-1.0493071,3.5340838,-3.777858,-46.08973,18.0
28050,0.47658014,-3.9437962,21.627977,-0.53862715,0.7528708,0.6929847,3.8103461,-3.6782615,-45.619728,
28100,4.9294143,-3.5729764,17.558659,-0.085783675,-0.23137943,0.14011295,3.5925934,-2.463047,-44.989197,
28150,1.485915,-0.6991206,20.294294,-0.9915239,0.2991751,-0.0054553207,4.6680164,-1.675082,-44.631096,15.0
28200,-0.93399745,-2.6571848,14.460228,-1.1304876,-0.21060677,-0.15826735,3.712524,0.18569832,-45.450233,13.0
28250,0.5690456,-1.247326,12.724222,-0.5670697,-0.16847558,0.14911442,3.2475562,2.6851115,-45.459797,9.0
28300,0.39935112,-0.09630468,4.35541,-0.35540187,-0.07973914,0.115132526,4.0174546,2.571445,-45.93457,8.0
28350,0.6664218,-0.849916,7.524597,-0.41218042,0.38833767,0.3084246,4.970113,3.5850587,-46.139282,7.0
28400,0.6912149,-0.3709399,4.9889836,1.0031286,-0.83857965,0.12509273,5.032302,3.0562463,-46.069702,
28450,0.6452217,-0.046951514,0.24773231,-0.03608913,-0.46041092,-0.12844,2.2351449,1.6179196,-46.80359,7.0
28500,0.6241416,-1.061916,6.705821,0.5392596,0.6329754,0.17356223,3.6500793,1.875716,-46.740425,
28550,0.8446453,-0.6561217,3.9239535,1.2283254,-0.3342306,-0.1959777,3.5914605,-0.50861245,-46.404736,9.0
28600,0.026828995,-0.40495577,5.582942,1.3736807,0.3845027,0.034918167,3.9025846,-2.6050274,-46.898926,13.0
28650,1.429741,-0.5115546,7.0862246,1.2727529,-0.38539875,0.07767667,3.1069024,-5.5395727,-47.132355,18.0
28700,0.5759925,-0.121570684,11.587808,1.2226261,-0.09784861,-0.46559587,3.2007813,-7.266944,-46.39811,23.0
28750,-0.41214252,-0.32374904,16.834146,-0.32094058,0.6621637,0.15603864,3.416078,-8.160008,-45.206196,26.0
28800,3.4988353,-2.0426247,21.516108,-0.08871315,-0.18354905,0.43252772,3.4772644,-7.6044784,-45.582542,
28850,3.535789,-0.33673507,20.70165,-1.0145869,-0.026262905,0.15028621,3.1690197,-6.964717,-45.876183,23.0
28900,1.9330311,-2.08215,14.364766,-1.044148,-0.5659253,-0.41403714,2.7968535,-4.9047403,-45.785492,19.0
28950,2.3121152,-0.6985216,10.536312,-1.6724403,-0.39649528,0.15976705,1.8079178,-1.7351825,-45.815845,14.0
29000,0.22253951,0.109473206,9.720891,-0.695434,0.5331602,-0.32412887,2.513167,0.304706,-46.162407,10.0
29050,-1.0862302,1.799004,3.2437577,-0.32754523,-0.90840757,0.05851376,1.6802562,2.173839,-46.54525,9.0
29100,1.3530856,0.30733982,5.5512013,-0.043972075,1.1601743,0.5668043,2.233644,2.390469,-46.410187,7.0
29150,0.53347266,0.107916154,4.989581,0.74107385,0.31792367,0.06277482,3.927651,0.74217224,-45.91561,
29200,0.29667968,-0.20637064,3.917007,1.1481643,-0.18450779,-0.092434086,4.730806,-1.3435295,-46.18101,
29250,0.19175771,-0.19235706,2.8590434,1.6315277,0.0809026,-0.016534055,4.241512,-4.0826173,-45.48051,10.0
29300,-0.12971552,0.5144288,2.1942983,1.0260851,-0.00043026506,-0.19406024,4.276178,-6.7102003,-45.72779,15.0
29350,1.0015491,-0.11510289,8.006807,0.30442232,0.51276046,0.06831419,4.338874,-7.53522,-45.74763,20.0
29400,1.3932227,-0.89172953,14.161114,0.9733013,0.22050536,-0.3420253,6.0013313,-8.536774,-45.3542,23.0
29450,0.3964513,0.44256455,10.655486,-0.2750277,0.11536388,-0.5811237,5.294751,-9.777412,-44.80025,26.0
29500,-1.1294682,0.1626529,21.781528,-1.2530462,-0.10461302,0.056170184,5.7840095,-7.7614717,-44.563805,30.0
29550,1.6695284,-2.6225698,23.120602,-1.0812191,-0.26983538,0.30091447,4.4269714,-5.3069334,-44.71884,26.0
29600,3.3849304,-1.9761502,17.157658,0.11645661,-0.3452028,0.35007638,4.6728806,-4.460734,-45.55825,22.0
29650,1.5402925,-1.8340985,9.904744,-1.9777448,-0.28293818,-0.17712255,3.3166146,-2.5953684,-45.675488,20.0
29700,0.15486732,-2.2147405,14.179596,-0.65324956,0.88288623,0.0103105875,4.3579874,0.31991634,-45.00239,17.0
29750,-0.05317997,1.4183627,1.659508,-0.65004784,-0.5644814,-0.44057405,4.3895917,0.48291284,-45.96303,11.0
29800,-0.37117976,0.52748424,8.143109,-1.0953339,0.9214487,0.14714369,6.4162893,2.7949474,-45.19652,10.0
29850,0.9468126,0.29164937,5.010543,0.5687675,-0.65876305,0.029432062,6.4468813,3.174045,-45.509686,7.0
29900,-0.9676539,0.017007753,3.1801572,0.54810137,-0.09454631,-0.26426107,4.7878733,1.727219,-45.967537,
29950,0.038327266,-0.4566981,2.5919476,1.0738089,0.008038578,0.15918115,5.252115,-0.4151699,-45.74546,8.0
30000,-0.7212286,-0.5571192,3.6592085,0.80248624,0.19350095,-0.15480526,5.254239,-1.7460207,-46.008568,11.0
30050,-0.7767341,-0.71157694,5.814944,1.3164759,0.036640905,0.24477509,5.379284,-3.5650764,-45.520103,14.0
30100,2.9293103,-0.9189056,11.181055,0.79263264,0.39845765,0.35705385,4.7349577,-5.3064337,-44.989765,19.0
30150,0.79481936,1.4732192,11.709978,1.401324,-0.44709525,0.007008268,5.569892,-8.157732,-45.214558,23.0
30200,1.5087919,-0.21691072,19.283644,-0.5295192,0.43057537,-0.08274019,5.7847376,-7.944847,-44.995003,29.0
30250,0.095698975,-0.6417487,20.706676,-0.32440272,-0.31249923,0.19694476,4.890544,-7.035187,-44.408722,
30300,2.7477336,0.15750258,18.333597,-0.62864196,-0.08032503,0.1884759,5.3818436,-6.088468,-44.686047,
30350,-0.30985552,-0.8386572,12.242971,-1.191314,-0.14258966,0.008286586,4.2731233,-5.4248786,-44.566536,26.0
30400,0.5418569,-0.75445604,11.847837,-1.3717698,-0.10706314,0.1620041,4.7309785,-2.0694566,-45.42973,23.0
30450,1.4400413,-0.38986424,5.9966407,-0.8592183,-0.4645123,-0.17350063,3.8976102,-0.16528206,-45.44156,16.0
30500,-2.2043195,-0.71421206,7.6376634,-1.2993851,-0.039738476,0.268637,3.4642837,2.1203504,-45.974052,12.0
30550,2.444081,-1.1107268,7.2301106,0.5189664,0.13805398,0.58720404,3.7711968,2.656155,-45.941673,9.0
30600,0.2123588,0.2557172,2.9807336,0.18271601,0.048678383,0.03406596,4.2358823,0.91307753,-46.621845,7.0
30650,0.32650334,-0.83123124,5.7772155,0.8601171,0.47169453,0.22629277,4.358022,1.4193789,-46.408,
30700,-0.2548793,-0.0019165262,3.0430164,0.97303504,0.5500979,0.08290829,5.930627,-1.5265964,-45.80857,8.0
30750,-0.49706212,0.17906186,5.1959524,1.0559124,0.3108397,0.059579026,6.149614,-3.945006,-46.05369,12.0
30800,2.16671,0.3082979,4.041212,0.71417594,-0.0047445744,0.22480142,6.1810346,-5.197896,-45.078865,15.0
30850,0.5133507,-0.43873197,13.476763,0.51262814,-0.18749052,-0.4606424,5.505498,-6.0654573,-45.24038,20.0
30900,0.66127145,-1.6738408,13.14978,0.9277258,-0.2296927,-0.26030782,5.2612643,-7.5128746,-45.167793,22.0
30950,0.45526034,-0.78427976,19.286993,-0.15827483,-0.40272698,-0.22596486,4.9841423,-7.282613,-45.270214,26.0
31000,1.1851627,-0.7231952,21.388071,-0.101709366,-0.0082066925,-0.0032715232,4.8615,-7.5217237,-45.36335,
31050,2.295826,1.482801,17.600819,0.027613621,-0.42009082,-0.23001286,3.9367402,-6.7599397,-44.77611,
31100,-1.8608459,-0.35577276,11.645103,-1.5595226,-0.0035194992,-0.36359692,4.581564,-5.633068,-44.989796,
31150,0.31859833,-1.6459334,12.557258,-1.9855747,-0.21380253,0.2767862,3.9316356,-1.9738615,-46.13169,24.0
31200,3.2235954,-1.2724783,5.362438,-0.55513877,0.60719603,-0.00034204422,4.38984,-0.099310875,-45.461037,15.0
31250,-1.1888763,-0.52401096,6.4148917,-1.0793017,0.52969825,-0.4872207,6.449652,1.3714857,-45.76731,11.0
31300,0.71409184,-0.84799945,6.7168417,-0.17611802,-0.1500465,0.018353324,6.170462,2.9897094,-45.73109,9.0
31350,0.45885348,-0.48089248,5.264224,0.5769167,0.13666913,-0.37105376,6.632589,2.8437452,-46.089344,7.0
31400,0.16672492,-0.19810623,2.0939276,1.0325831,-0.18658505,-0.3204005,6.4499803,0.5566498,-45.04595,8.0
31450,-0.60054684,-0.12372661,2.4706163,0.8979872,0.1125942,-0.31390235,5.775506,-0.78817976,-45.573357,11.0
31500,-1.254153,0.08527889,1.9658893,1.0117573,-0.7749301,-0.0065205814,6.2706423,-2.7002697,-45.755573,15.0
31550,0.6736082,-0.23200226,9.291143,0.33531496,0.22785571,0.39721432,4.057227,-4.118606,-45.73229,19.0
31600,1.9278805,-0.6556425,11.133983,1.20457,-0.32698682,0.083387665,4.488908,-5.224503,-45.18255,22.0
31650,-0.52628696,0.52401066,13.941244,-0.73271817,-0.31590804,-0.15081051,4.213638,-6.3504043,-45.26922,26.0
31700,2.8990958,-2.8526185,25.291264,0.1773897,-0.004638073,0.44744143,3.2874084,-4.237552,-45.03814,
31750,2.6758687,-1.7155218,18.346529,-0.8171404,0.15669611,0.22458835,3.1953864,-4.6189737,-44.819347,
31800,3.054474,-2.677546,19.126736,-0.49953204,0.18338093,-0.20252904,3.0412986,-3.2864544,-46.26245,
31850,-0.510956,-1.423633,10.130278,-1.6075659,0.74903595,0.098141566,4.73055,-2.0058603,-45.12096,22.0
31900,0.49514502,-1.2125914,11.209322,-1.0840422,-0.23489478,-0.24865496,5.0941205,2.4744925,-45.597145,17.0
31950,-1.4017146,1.1353369,5.6460624,-0.4349771,-0.3007813,0.19976771,3.8327878,2.5405514,-45.84594,12.0
32000,0.8420103,0.28242677,6.432977,0.016694695,0.39760545,0.5739416,5.6459,3.4940808,-45.00711,10.0
32050,1.9217724,-0.08851306,3.302446,0.6451942,-0.33787617,0.22912163,4.879312,2.4347937,-46.066307,8.0
32100,0.26493958,-0.115222655,4.1790714,0.6919652,0.26897487,0.019578379,5.681723,0.6195246,-45.994377,
32150,0.11486282,-0.103844166,1.936305,1.4301397,-0.11079158,0.13952704,5.4691463,-1.12873,-46.350853,10.0
32200,0.4479541,0.48915666,2.521401,0.88355285,-0.2939636,-0.0744844,4.979265,-3.3389983,-45.780293,15.0
32250,-0.24415009,0.44961226,5.114777,1.3342657,-0.32016915,0.09936662,3.4129024,-5.1363516,-46.10797,19.0
32300,3.6704712,0.54652834,4.9366426,0.7682914,0.2725435,0.381768,4.062722,-8.215189,-45.591858,24.0
32350,1.2512777,-1.3013438,17.194304,-0.099525586,0.28543305,-1.1343153,5.23006,-7.2180605,-45.14103,29.0
32400,-1.6062887,-3.6404088,21.148884,-0.60387456,-0.19441473,-0.19022527,4.4302483,-7.029387,-45.534546,
32450,2.3187034,-0.4572969,20.575882,-0.24216434,-0.38051626,-0.06718734,3.9658885,-5.1748667,-45.28899,
32500,2.1609607,0.32314983,18.629917,-1.5095615,0.11136915,0.008286586,4.457023,-3.9075534,-45.81765,
32550,0.08396118,-3.5063815,20.688833,-1.0363715,-0.41598955,-0.71662515,3.7456183,-1.292095,-45.71087,24.0
32600,-0.8063184,0.1948721,5.693255,0.23017344,-0.32661396,0.060111653,2.8514228,-0.0061189653,-45.59324,19.0
32650,2.078077,-1.6290452,6.3795576,-1.5305474,0.9390789,0.014518395,3.0972786,0.20398884,-45.589558,
32700,-0.044436503,-1.676955,11.076132,0.39869815,0.15270136,-0.03959701,4.6644416,1.990688,-45.97365,15.0
32750,0.42280155,-0.17798427,1.3132414,0.5039995,-0.23984823,-0.21461979,4.1746817,0.24193688,-46.089394,13.0
32800,-0.9138753,0.13265261,4.6153827,-0.122535326,0.018052066,0.28711933,4.605491,0.62386245,-46.609295,15.0
32850,1.351768,-0.9680129,3.649671,0.7734579,0.7543622,0.26325744,6.6063004,-0.8345362,-45.552155,
32900,-0.5107164,0.20828672,2.7487319,0.9455512,-0.76108164,0.080085345,5.716652,-2.301025,-46.114452,16.0
32950,0.29691917,0.20505282,3.6753025,0.8766287,0.2979501,0.2930315,4.426137,-3.6459267,-46.038116,21.0
33000,0.75194037,-0.512393,7.0025024,0.98800194,-0.71016204,0.29457614,3.227529,-5.099944,-45.46299,25.0
33050,1.2254066,-0.7805669,12.690207,1.3595656,-0.32443014,0.18586603,3.5385373,-7.1369314,-45.92691,30.0
33100,1.7045025,2.4117675,9.423493,0.6780635,-0.3736453,0.13340178,2.4650683,-10.1797085,-45.237415,37.0
33150,3.0887296,1.2297189,20.164816,-1.0682229,0.43473583,0.13993537,2.8617427,-8.50876,-44.31831,42.0
33200,0.22733054,0.6066548,23.208271,-0.940338,0.2839418,-0.24689727,2.5825908,-6.5437026,-44.750397,
33250,4.1246543,1.3364373,21.597672,-0.053559463,-0.9245464,0.5326625,1.8130375,-5.682039,-45.52239,37.0
33300,3.3105507,-1.1225213,10.980913,-0.6549007,-0.16948757,-0.5161426,0.6135429,-5.937494,-45.64212,
33350,-1.8539804,0.17978051,9.376422,-1.3235133,-0.34285924,-0.43544894,-0.004696846,-3.8531601,-45.65069,33.0
33400,0.7233711,0.09218166,6.1626105,-0.89389265,0.82552177,0.34427068,1.068655,-1.4745665,-45.403908,27.0
33450,0.75577307,1.3067334,4.1994333,-0.48600316,0.13560389,0.08748892,1.5904087,0.026751136,-46.089283,23.0
33500,-0.46029156,1.555983,4.5895367,-0.2542551,-0.06328081,0.044185966,1.9284378,0.18207645,-45.896954,20.0
33550,1.3663807,-0.05138318,3.494923,0.10537787,-0.020936592,0.16211064,2.9429443,0.2661768,-45.222675,18.0
33600,-0.35728598,0.10875461,3.3389773,0.6862128,-0.58733714,-0.46266636,1.961723,-0.8351261,-46.905792,
33650,-1.704024,0.61971015,1.0877068,0.8996916,0.046281554,0.06953923,0.60888445,-1.6783812,-46.743958,20.0
33700,-0.050065886,0.3863905,4.381011,0.6334823,0.27137175,0.42704168,1.5647094,-3.8330529,-45.859505,23.0
33750,1.6058089,-0.033776384,8.112089,0.2547278,-0.10711639,0.47892004,1.288675,-3.8488374,-46.640015,27.0
33800,3.3554664,-0.7597262,15.969258,0.29691225,0.94190186,0.15342875,1.9044565,-4.684743,-45.965004,
33850,1.6636595,-1.4329754,16.692812,0.18649769,0.055602588,-0.15081052,2.3970761,-5.5791636,-45.137615,30.0
33900,2.1707826,-2.1795263,22.10755,-0.44200778,0.5859973,0.32062188,3.2274888,-5.0704618,-45.46333,
33950,2.0986278,-2.6768656,24.555222,-0.7439035,0.2709989,0.12381443,3.9345958,-4.4157553,-45.762856,
34000,2.8682263,-1.8459561,16.235157,-0.16519906,-0.31090134,-0.24647117,3.0411713,-3.7189527,-45.60743,25.0
34050,-0.33920017,-1.3215857,10.105485,-1.0776505,-0.10242925,-0.30926847,3.654068,-2.1429095,-45.33186,
34100,-0.2544002,-0.42220315,6.875543,-1.0493678,0.15451232,-0.1379741,3.2523437,-0.41789132,-45.918983,21.0
34150,-0.61312306,0.8459632,5.369146,-0.59295565,-0.17566611,0.20173843,3.5884724,1.5284122,-46.242687,15.0
34200,1.5243624,0.16804266,4.195481,-0.2343879,-0.10258903,0.04557078,4.2024865,1.9606874,-45.55146,12.0
34250,-0.06431897,0.67085356,4.083373,0.3184838,-0.2154537,-0.12364632,3.7721176,2.007092,-45.965088,10.0
34300,0.58401734,-0.21367681,3.0546346,0.6409332,-0.20613855,-0.24480227,3.2811062,1.3749441,-46.34141,
34350,-0.9356742,0.10540092,2.5844016,0.69201845,-0.12639767,-0.17690948,3.0366623,0.48026925,-46.77047,13.0
34400,-0.28422388,-0.8543475,5.331416,1.2097899,-0.12682375,0.1641879,1.9625797,-1.5122808,-46.83602,15.0
34450,1.232593,-0.4114236,6.2009754,1.1128509,0.1550982,0.4424347,2.612355,-4.9089317,-45.882896,20.0
34500,2.3325024,-1.5458212,14.352245,0.6543614,0.26945424,0.21340306,2.736014,-5.0885873,-46.187263,24.0
34550,1.6694084,-0.9112401,13.324888,1.428808,-0.2614731,-0.20418021,3.384629,-7.861951,-44.962807,28.0
34600,0.024433529,1.3521278,13.665047,-0.27939528,-0.0512966,-0.0024193018,2.7716765,-8.771494,-46.01992,33.0
34650,3.2253914,-3.623281,26.159622,-1.5994699,0.71771705,0.0017352104,3.043473,-5.9783974,-44.869293,
34700,3.7707222,-0.16468927,15.040052,0.009717214,-0.9173026,-0.1753116,2.3659844,-4.9674606,-45.609764,28.0
34750,0.07509782,-2.7456975,12.745543,-2.5175672,0.9368951,-0.88637495,3.3469982,-2.7634532,-45.11564,
34800,1.2237298,-1.0747316,16.786236,-0.98071176,-0.7790314,-0.15853366,2.9731784,1.431555,-46.194965,20.0
34850,3.736587,0.098813355,2.8172421,-0.11385338,0.43174714,-0.64706355,3.1270766,1.2883337,-46.065666,15.0
34900,-3.012195,0.8048806,7.9663224,-1.1054007,-0.18994062,-0.9584401,3.7719028,2.5888534,-46.498028,
34950,-0.42208377,-0.047670178,5.0110216,0.1772299,-0.05007156,-0.0013007894,2.8463123,3.7090523,-45.60543,12.0
35000,-1.3070933,-0.41561565,3.5149257,0.5178479,0.04564237,-0.13744144,2.8475556,3.374097,-46.31344,
35050,-1.6494132,-0.8378943,3.0310898,0.73867697,-0.3060011,0.2964404,2.1723924,2.1831627,-46.40931,
35100,-1.5920353,-0.91435415,4.044805,1.1864606,0.11919882,0.38682798,2.7286415,0.30658454,-46.249928,15.0
35150,-0.13079351,-0.38303715,3.3392177,1.3198315,-0.0029336393,0.86704886,2.7010734,-2.110002,-46.129772,18.0
35200,0.86919916,-0.2842237,10.271013,0.9753785,-0.16373515,0.6335431,2.7062135,-4.6966925,-47.554462,22.0
35250,4.310064,-1.3975222,13.540482,1.1883248,0.2866583,0.47140995,1.598965,-6.310448,-45.92282,26.0
35300,1.0738927,2.1853948,9.355103,0.60109824,-0.061310053,0.076463446,1.5410268,-9.543264,-45.14396,30.0
35350,2.5643592,-1.8747019,24.176283,-1.6631196,1.2393767,0.051536284,3.1687195,-6.8449373,-45.753773,35.0
35400,1.4502224,-0.62246525,20.991497,0.1925164,-0.3253356,0.39439136,4.059082,-5.851084,-45.247887,29.0
35450,4.8428183,-0.74032277,17.314322,-0.75408864,0.19197409,0.0430556,3.6906993,-5.809768,-46.06231,
35500,-0.5957559,0.071744435,9.322165,-0.6390815,-0.37678784,-0.35353014,3.2273388,-5.010572,-45.402122,26.0
35550,2.745098,-0.57599294,7.7749243,-1.4639684,0.22343485,-0.009236991,3.8710403,-2.537265,-46.281433,23.0
35600,-0.5078419,-0.13091303,6.142766,-0.59157073,-0.6193484,-0.55779445,3.6835766,-0.44685802,-46.310303,17.0
35650,-1.7579665,-0.0490255,4.435975,-0.8946916,-0.011509009,0.070125125,2.543035,0.8381613,-46.01307,14.0
35700,0.23044464,-0.80476123,6.0302973,0.0029527843,-0.11942021,0.29106078,2.511638,1.5986627,-46.394096,11.0
35750,-0.11941497,-0.4117829,3.2163289,0.6404597,0.0509687,0.22895591,3.1909423,0.7082666,-47.450237,10.0
35800,0.08060748,-0.83362675,3.972821,0.9437935,-0.03824712,0.26991528,2.8546224,-1.3223127,-46.846992,11.0
35850,-0.10707824,-0.77601546,3.3871262,1.3889673,-0.101044394,0.18900852,2.5790145,-3.0515811,-45.874275,14.0
35900,-0.009222937,-0.58533525,5.386992,0.9462436,0.0012741566,0.58965415,2.028586,-5.3337913,-46.10917,20.0
35950,4.0773435,-1.3468578,11.811544,1.1093886,0.24005297,0.48057118,2.123232,-7.27402,-45.805767,24.0
36000,2.5944223,0.41202217,11.642424,1.056232,-0.08080439,-0.52013737,2.831789,-8.954233,-44.499615,29.0
36050,-0.6406711,2.354755,14.156479,-0.14517212,0.42615452,-0.22473979,2.340508,-9.81436,-44.3471,35.0
36100,3.1667025,-1.1953439,23.617542,-1.4131019,0.2686553,0.08727587,3.2915833,-7.59292,-44.627754,
36150,3.557525,0.85219127,20.330105,0.35166678,-0.7674733,-0.3186428,3.3217144,-6.8024645,-45.038555,30.0
36200,2.4961514,-1.0909325,10.765964,-1.66003,0.4323863,-0.8640577,2.3372185,-6.5576296,-45.437305,
36250,-3.901397,-3.3457649,17.383545,-2.0917811,-0.11595807,-1.0427556,3.4075103,-1.7647707,-45.43523,27.0
36300,-1.7836736,0.59683335,7.371167,-0.5298387,-0.55308896,-0.03783933,3.2501514,1.2611824,-46.03134,19.0
36350,-0.9510053,1.1591719,5.480176,-1.1277711,0.37688607,0.59024006,2.4484258,2.0252984,-45.410126,15.0
36400,0.99951285,-0.099652044,6.605452,0.20785621,-0.2601415,0.47045118,2.7860832,3.2276073,-46.189465,12.0
36450,-0.36447242,1.1492306,1.4465493,0.060476996,-0.11164378,0.39178145,2.5401623,2.8157592,-45.88128,10.0
36500,1.392012,-1.3777596,6.59575,0.3001613,0.058585335,0.5289341,2.2648094,2.1251364,-46.437286,
36550,0.29069096,-0.8320696,4.027917,1.6984439,-0.42593792,0.11715058,2.3595288,-0.19233379,-45.72713,
36600,0.20517235,-0.6403116,1.0602787,1.3067821,-0.08586438,0.29143363,2.1193528,-4.0094147,-46.369865,15.0
36650,1.0876666,-1.2462478,10.63788,1.2534125,0.25427422,0.49804145,2.3968475,-4.736699,-45.9831,20.0
36700,2.6909606,-0.35381228,8.5404,1.7895062,-0.36443081,0.14890136,1.4488461,-9.083147,-45.832542,25.0
36750,0.7171934,1.158548,13.535765,0.44242722,0.5031731,-0.2250061,2.3727887,-10.297183,-45.114544,32.0
36800,2.8543324,-0.98082894,18.242804,-0.27715826,0.42780572,0.15017967,2.0034199,-9.808545,-45.593678,36.0
36850,2.3899682,0.33069566,18.659498,-0.53101057,-0.005223957,-0.21952002,3.57087,-9.357162,-44.569427,
36900,3.5071003,1.7319307,15.575079,-0.85272014,-0.29305816,-0.22995964,2.1851146,-8.3776455,-44.739044,33.0
36950,-1.5629303,-1.8204439,13.875969,-2.308456,0.25459382,-0.824856,2.9801292,-4.305354,-45.323578,29.0
37000,2.0717292,-1.5686795,13.431847,-1.3410902,-0.24725182,0.16397485,2.0233393,-1.2694708,-46.434937,22.0
37050,2.9723086,-0.88968074,6.6150336,-1.0850008,0.8313807,-0.75438887,3.7438424,0.2077713,-45.975903,15.0
37100,-1.9766293,0.59252155,8.093284,-0.7214264,-0.76401126,-0.910663,3.2799618,2.8374536,-47.13221,12.0
37150,-0.81865513,0.76655304,3.2213604,0.21392822,0.032433122,-0.17382023,3.5229726,3.9537888,-45.684303,10.0
37200,-1.3060153,0.46604013,2.7966416,0.012486885,-0.015557,-0.026867112,3.5251286,3.201456,-46.69698,
37250,-0.20661044,-0.6952878,4.8549557,0.6666119,-0.5177755,0.1303125,3.2172382,2.8812892,-46.112823,
37300,-1.2194188,-0.2078079,2.5820065,1.1518395,-0.37934452,0.020803431,0.9138683,0.2435318,-46.696728,11.0
37350,-1.3712857,-0.76262593,5.195719,0.82821244,-0.031908803,0.42480463,1.2226311,-0.9241228,-46.211224,15.0
37400,0.85362834,-1.8264328,12.481321,1.2374868,0.41779223,1.0326972,1.5940707,-3.0033894,-45.620766,17.0
37450,4.150764,-1.2691247,12.617743,1.8571504,0.16617694,0.0005634308,2.2751534,-6.319929,-45.255882,22.0
37500,1.1238383,-0.36890373,14.04581,-0.6044604,0.76224506,-0.08066291,1.7831638,-7.2864027,-44.32834,29.0
37550,0.62617767,-2.3927238,23.788458,0.40759316,-0.19851606,0.124719895,3.599046,-7.035507,-45.121815,
37600,2.9095476,-1.9535129,17.207003,-1.8394206,0.3641029,0.7306418,3.5360687,-6.3804293,-44.63571,
37650,2.243365,-3.232219,17.123877,-1.0382355,-0.34658763,-0.030755322,3.1339087,-4.1864815,-45.413982,22.0
37700,1.9814198,-0.9258526,10.818979,-1.5473547,0.36649978,0.051755253,2.7922454,-1.4567583,-45.918396,17.0
37750,0.28961298,0.2951228,9.778862,-0.7228645,-0.062268823,-0.13568377,3.4653938,0.6583044,-45.15232,12.0
37800,-0.059528004,1.7773253,4.0557046,0.03927826,-0.26126003,0.030444056,2.3882058,1.3121685,-45.712883,9.0
37850,0.83853686,0.96358097,4.1543984,0.35928345,0.2771774,0.33526927,2.9740925,1.187825,-46.718323,8.0
37900,0.7856534,0.49247867,2.5849,0.6758798,0.30114588,0.039498795,4.142713,0.17062816,-44.913155,
37950,-0.5064045,-0.22265987,4.03714,0.9598789,0.088998616,0.00019057989,4.4541693,-1.8433634,-45.810677,10.0
38000,0.77529633,-0.5368269,2.5496671,1.8034613,-0.19313647,0.41473788,4.367291,-5.564105,-46.079273,13.0
38050,1.243253,-0.6794777,4.917718,1.4314711,0.2195467,0.010417107,5.6000605,-7.7440553,-45.18764,20.0
38100,-0.35117748,-1.0573641,10.628298,0.34165332,-0.49279508,-0.1440461,4.7408533,-8.771558,-46.001884,26.0
38150,0.92704976,-0.030063367,12.968323,1.7889202,0.036853977,-0.021221215,4.405014,-11.329564,-45.17585,29.0
38200,0.9681324,0.34973967,12.024385,-1.2678001,0.17965257,-0.51704806,3.3883507,-11.384944,-43.93142,38.0
38250,-1.2376244,-0.544133,22.525803,-0.7114662,-0.19830297,-0.1905981,3.939983,-9.408207,-44.40489,33.0
38300,2.536692,0.71936214,16.093584,-1.4639683,-0.02599659,0.36914462,3.1678421,-6.9779854,-44.792717,29.0
38350,1.4315373,-1.0580828,16.410622,-1.4162447,-0.35164765,-0.36013478,3.3489258,-4.149562,-45.130493,23.0
38400,3.8119245,-3.0580678,9.729155,-1.6149162,0.9601178,0.10724956,3.838066,-1.6978805,-45.332436,18.0
38450,1.4625658,-3.3281841,13.970482,-1.1479579,-0.11856798,-1.5911002,5.2180147,1.0470393,-44.556072,12.0
38500,-1.8817686,0.8440467,2.263408,-0.4095173,-0.29417673,-0.9864565,3.861859,3.4319587,-45.4222,9.0
38550,-1.1432425,-0.4947862,7.805107,-1.1566399,0.8268533,-0.42303857,5.0279884,5.3135414,-44.981647,
38600,-1.441839,0.26422113,4.9725738,0.6945218,-0.74515593,-0.23842844,5.088067,5.854876,-44.336407,7.0
38650,-1.0856313,0.041800983,0.66610265,0.17366126,-0.25422928,-0.06638839,3.6437545,5.404435,-45.419514,7.0
38700,-1.5266387,-1.052214,6.879134,0.9203045,-0.61364925,0.1593942,3.4295127,4.5756755,-45.415245,
38750,-0.6692971,-1.1572559,2.3435364,1.167712,-0.030151088,0.39998394,2.7567363,2.13724,-46.11566,10.0
38800,-0.094023064,-1.5267584,10.50134,0.8597265,-0.232711,0.95912296,1.9599743,-0.0303154,-46.32705,14.0
38850,4.738375,-3.2562938,13.228472,1.4808995,-0.08820802,0.5128486,1.8099296,-3.3829217,-45.58004,16.0
38900,1.7787622,-0.89423215,12.093492,1.3420423,-0.38807964,-0.47497025,1.5361122,-5.946482,-45.18573,23.0
38950,0.72247595,-2.2680392,20.787163,-0.8801507,1.3864362,0.15763655,2.8278828,-5.92085,-44.751507,27.0
39000,1.4793336,-2.263456,19.997505,0.2764592,-0.5670972,0.04493165,3.3805346,-5.1155095,-44.68518,25.0
39050,3.5200355,-1.7434295,19.340534,-0.8846248,0.340028,0.4876019,2.672256,-4.162614,-45.332886,
39100,1.5365791,-0.13438652,11.567926,-0.84382516,-0.6566326,-0.033578258,1.5944226,-3.2106888,-45.680256,23.0
39150,4.4207363,-1.6586298,9.788803,-1.1260135,1.2891244,-0.33254448,2.605735,-0.73948824,-45.095604,18.0
39200,-3.4263732,1.7394768,5.182778,-0.51300764,-0.6233964,-1.3015082,4.4501605,0.81509554,-45.50108,15.0
39250,-0.9889733,1.580656,4.0827737,-1.1047615,0.4433052,0.51087797,3.279267,2.4704041,-46.044617,13.0
39300,2.206834,-0.552637,7.995069,0.48349315,0.46753994,0.19651867,5.4007454,3.2456887,-45.598442,9.0
39350,-0.4037583,0.9310025,0.78228337,0.5952926,-0.76976365,-0.46026954,4.2345095,1.1918482,-45.72747,9.0
39400,-0.06946919,-0.38591173,5.3814826,0.82118165,-0.014385206,0.13425401,3.343568,0.87144434,-46.550697,12.0
39450,0.3374028,-1.2746341,2.2111864,1.9414661,0.35930926,0.029005954,4.2402625,-2.618718,-46.178448,15.0
39500,-0.9229782,-0.30278867,2.6812987,1.0427032,-0.7283247,-0.15528461,3.688971,-5.2946796,-45.13973,23.0
39550,0.8612939,-0.38998407,8.006926,0.1380814,0.20122413,0.3724469,2.3358178,-5.7574515,-45.168022,27.0
39600,4.248381,-0.41729876,16.43581,1.3868366,-0.25572067,0.0019482672,3.2922509,-7.4570913,-45.40313,
39650,1.1231195,-0.21691075,9.6525,-1.5023712,0.2904932,-0.81249887,3.075288,-7.2944207,-44.172295,33.0
39700,-0.73720884,-3.6352582,31.738937,-0.34091437,-0.4353241,0.1354258,3.0400581,-3.7041283,-44.617134,29.0
39750,4.195201,-0.23236156,14.283198,-0.47705498,-0.4093849,0.591252,1.9956814,-5.0452957,-44.53472,
39800,3.7017326,-1.8408058,16.58286,-1.4515047,-0.018539738,-0.21126421,1.0385532,-2.236465,-45.05535,24.0
39850,1.3987195,-0.6330054,6.964534,-1.5171251,-0.04676922,-0.040342707,1.0977595,-0.7572716,-44.79243,19.0
39900,2.091252,-2.590351,11.24286,-1.891352,0.95186216,-0.47630176,2.507206,3.7417367,-45.05709,14.0
39950,-1.4710639,-0.48915678,7.3593073,0.29247367,-0.4075917,-0.54349035,2.6890132,5.315876,-44.482697,9.0
40000,-1.0954528,0.28661883,2.4356427,-0.1004843,-0.078034714,-0.09419176,2.4754786,4.969777,-45.722115,
40050,-0.7791298,-0.37273663,4.4346685,0.232304,0.059916906,0.43167558,1.8911045,4.9871445,-45.95353,
40100,1.5988618,-1.2755926,3.598767,0.6439751,0.22268918,0.48030487,2.1081665,3.2022145,-45.24649,
40150,0.13458772,-0.65104705,3.0077648,1.1869931,-0.11244272,0.10213629,3.1576686,1.1174691,-45.69149,11.0
40200,-0.51359093,-0.47945517,5.003835,1.1867268,-0.5742877,0.3841648,1.3745766,-0.2887724,-45.286213,15.0
40250,1.7245047,-0.66618276,8.241444,0.606318,0.17150328,0.7478991,0.6084207,-2.714248,-45.02958,20.0
40300,4.5371556,-2.114968,18.784664,1.5115789,-0.2785173,0.12962016,1.8094501,-3.7817693,-44.646843,22.0
40350,1.2484032,0.92369634,10.885573,0.79204667,0.20138387,-0.5754778,1.1056808,-6.8544474,-44.350197,29.0
40400,0.5485642,-1.6222185,24.653347,-1.3223417,0.7708738,-0.03443048,2.5802655,-4.891795,-44.70768,31.0
40450,1.2275627,-0.5436541,18.485468,0.3308409,-0.14626484,0.29036838,3.5960011,-4.8819456,-45.053963,28.0
40500,2.7454572,-0.61468005,12.625649,-0.94539803,-0.23659918,0.03417248,2.3650157,-4.9835095,-44.711964,
40550,1.2322338,0.13342802,6.981662,-1.286442,-0.22141919,0.08285503,1.0993242,-2.0516915,-44.591694,23.0
40600,3.511891,-2.2604935,13.124147,-1.6972078,0.80363053,-0.29046655,3.1584027,0.35511073,-45.40407,16.0
40650,-1.5771834,1.5757457,5.6372004,0.6756667,-1.1685984,-0.6909524,2.633356,2.1395419,-45.84018,12.0
40700,-1.2215053,1.243146,2.1825855,-0.5117825,0.3042351,0.17084579,1.0034844,1.2358996,-45.49882,13.0
40750,0.16229331,-0.21619208,6.042395,0.44786006,-0.035637192,0.39497724,2.5731406,1.397393,-46.111656,11.0
40800,0.67444664,-0.30722028,1.873304,0.2605335,0.017838996,0.18890199,2.050628,0.42721063,-45.40151,
40850,-0.75769025,-0.79218495,6.4722633,1.0801473,-0.19111243,0.17079252,2.7289271,-0.6524178,-45.31022,12.0
40900,0.50796086,-0.79517925,1.6375889,1.5951488,-0.15729031,0.51412696,2.1177795,-3.5832355,-45.47721,15.0
40950,1.3686563,-1.0099337,9.16598,0.9878422,-0.07233556,0.289889,2.4895737,-5.6961536,-45.16491,21.0
41000,4.6175246,-2.6838946,16.887207,0.98384744,0.44783258,0.22986138,1.6611732,-7.3026304,-45.29073,24.0
41050,2.3533177,0.06647435,9.885941,1.0398152,-0.15305294,-0.72085667,1.8176883,-10.085781,-44.233154,30.0
41100,-0.7263094,-1.6751581,28.435328,-1.5985112,1.2063534,-0.15629661,3.2923055,-8.297239,-44.402912,
41150,1.996631,1.3046973,15.390752,0.058932353,-0.6908276,0.5411847,2.891552,-7.4824514,-44.731842,27.0
41200,5.57907,-0.73325604,17.00183,-1.1851358,0.13650934,0.05899315,3.4755013,-6.5389633,-45.316353,25.0
41250,-0.44903287,-1.1716286,8.750004,-1.0113913,-0.5855795,-0.9322878,3.0103786,-3.950642,-45.29599,21.0
41300,-1.6954316,0.23099332,7.624482,-1.4177892,0.06785313,-0.1575217,1.806958,-0.8829893,-46.011456,17.0
41350,-0.06803197,0.29536235,5.9928093,-0.32280478,-0.35351184,0.09116408,2.6988807,-0.43092823,-46.242126,12.0
41400,-0.29560238,1.1658795,2.9347408,0.14457956,-0.45199546,0.11033883,2.1762302,-0.12568417,-47.001534,11.0
41450,0.16013737,0.18720649,4.132001,0.38751292,0.18918665,0.41521725,1.4984825,-0.12437458,-46.244587,
41500,0.8611743,-0.19247687,2.1213562,0.95412666,-0.04453218,0.18346918,1.4086025,-1.9237026,-46.195026,12.0
41550,-0.38531312,0.24553637,4.101818,1.045686,-0.033666488,0.111191034,2.0263512,-3.2489212,-46.690514,15.0
41600,0.8559041,-0.06970856,2.4920561,0.69089997,0.17555127,0.41447157,1.3534172,-6.4957075,-46.23631,19.0
41650,2.078317,-0.43992978,12.934665,0.91535103,0.06625525,0.13835526,1.9069626,-6.7443,-45.662514,22.0
41700,4.4742746,-1.4154884,15.448599,0.8850975,0.5960108,-0.07879871,2.5842385,-8.099753,-44.29899,25.0
41750,1.2409772,2.0092072,10.451871,0.33664662,-0.1314044,-0.7269582,2.4024277,-10.021189,-44.436028,30.0
41800,1.3960843,-1.7356443,21.863094,-2.0868812,0.88773316,-0.37233204,3.6912467,-7.785346,-44.089394,
41850,0.12891419,-2.8034477,25.590824,-0.8332259,-0.30509564,0.03790091,3.7498314,-4.850592,-45.08146,23.0
41900,3.4815876,-1.0942547,14.328356,0.09712206,-0.5682157,-0.2694276,3.3506083,-5.156113,-45.39737,21.0
41950,-1.8046341,0.42711368,5.7363715,-1.8228028,-0.24618654,-0.2862055,1.6563305,-2.9831662,-46.300407,
42000,2.2951076,-1.1797732,13.687086,-1.5938771,0.70163155,0.29484248,3.1271634,0.6503881,-45.346367,13.0
42050,2.7570758,0.4747836,5.1651697,-0.23524015,-0.8849185,-0.5922557,2.7565536,2.3712413,-46.242188,8.0
42100,-1.1408468,0.24589571,5.4240017,-0.3898099,0.67537296,-0.3641828,2.6024837,2.6904273,-46.435432,7.0
42150,-1.2672086,-0.22301921,4.9404745,0.6958534,-0.19814318,0.13776936,3.462482,3.3889947,-45.92688,
42200,-0.5969536,-0.25080675,2.576377,0.9844215,-0.06759514,0.21296512,3.404478,1.0543654,-46.210827,
42250,-0.7316992,-0.36195698,2.5972178,1.2740252,-0.42461824,0.31705323,2.2374375,-0.95980203,-45.65937,10.0
42300,-0.56090164,-1.1007227,4.1699686,1.4229491,-0.39276677,0.2987307,1.7498252,-4.1554785,-45.913067,14.0
42350,-0.41238207,0.25978953,7.4623137,1.1523721,-0.22940867,0.66779125,1.105777,-6.0741897,-45.41162,19.0
42400,5.1824913,-1.2463865,13.852348,0.9484274,0.6221097,0.38027656,1.3861107,-8.60496,-45.34439,23.0
42450,2.399431,1.7819964,11.488636,0.844138,-0.31063503,-0.31251755,1.6651523,-10.539609,-44.850758,27.0
42500,1.055208,-2.828581,29.269434,-1.2864424,1.4818306,-0.11107619,3.5075479,-8.350156,-44.211224,
42550,2.274267,0.83194953,14.468968,0.76216614,-0.14850187,0.6481371,2.9869957,-9.230669,-45.390186,
42600,1.5394536,-1.9203355,16.4244,-2.341639,0.88453734,0.14693066,4.523586,-7.7364745,-45.585938,24.0
42650,-1.3699746,-2.7358763,11.981027,-2.007945,-0.15910125,0.040191222,5.133853,-3.6361146,-46.08254,15.0
42700,2.2370172,0.07066648,8.807615,-1.3082801,0.44367808,0.34144774,4.8838186,-0.8381504,-46.059254,9.0
42750,1.7024664,0.5861735,6.159773,0.15880081,0.38381034,-0.12359305,6.512761,0.01996231,-45.502472,7.0
42800,-0.93771046,1.1420442,2.756038,0.769836,-0.25018135,-0.19832127,6.6371574,-0.57475585,-45.956776,
42850,0.3038661,0.029584039,1.0554876,0.9108769,0.14146285,0.31609446,6.333081,-2.8850286,-46.339985,8.0
42900,2.1282625,-0.79697573,2.6954322,1.012716,-0.16906147,-0.09392545,6.7351303,-4.498605,-46.187477,11.0
42950,-0.36518475,-0.4000261,2.3614902,1.0534624,-0.3196365,-0.372119,6.5837007,-6.211811,-46.23332,15.0
43000,-0.3576453,-0.18996158,6.2104373,0.6236285,-0.10695662,0.01068342,6.0937266,-8.478727,-45.507343,21.0
43050,1.0912597,-1.3451811,15.965304,0.320135,-0.06184271,-0.14612336,5.1694975,-7.9555755,-45.10304,23.0
43100,0.42639476,-1.0719764,15.4451275,0.8999046,-0.3763085,-0.5969961,5.2323675,-8.95656,-45.058937,27.0
43150,-2.085624,1.331886,12.59714,-0.9941872,0.015069316,-0.3254072,4.3386717,-8.661385,-44.156,30.0
43200,-0.26793465,0.5764717,17.859533,-1.2071332,-0.05870018,0.44057053,3.9059148,-6.267554,-45.339733,26.0
43250,0.57515395,-0.93711126,11.78244,-0.99408054,-0.47159633,0.24003467,3.656979,-4.3236375,-45.24463,23.0
43300,0.74259794,-1.5145415,11.542652,-0.57351464,0.08841272,0.3917282,2.9168663,-2.6912732,-45.77719,18.0
43350,1.9343483,-0.95926934,7.7910943,0.46480957,-0.18240686,0.1972821,2.6406415,-3.1676483,-45.80949,
43400,0.08683573,0.93675154,6.603177,0.17019914,-0.13262945,0.10783546,2.241055,-3.7577958,-45.44117,
43450,0.9726837,0.10983255,8.112687,0.24242404,-0.036382906,0.2401412,2.3954365,-4.254798,-45.30776,21.0
43500,4.124894,-0.6027027,11.021755,0.119812176,0.42924374,-0.19560485,2.026465,-4.0319595,-45.814766,
43550,1.0033898,0.5777074,9.859337,0.2170175,-0.033559956,-0.19283517,3.4125335,-5.0156455,-45.923664,23.0
43600,0.13797922,-0.56018275,10.964984,-0.009830384,-0.12687704,-0.027453009,2.5511684,-4.9144983,-46.19388,
43650,0.32159263,-0.41274112,10.402046,0.2797615,0.27925465,0.13585189,2.5814521,-5.1102123,-45.509895,
43700,0.34890106,-0.17487007,10.858503,0.14468607,-0.0634406,-0.06031639,3.227948,-5.4818177,-45.365692,
43750,0.47574168,0.5170639,9.178677,0.29973522,-0.34669417,-0.066494904,2.3977776,-6.1674104,-45.037933,24.0
43800,0.7011561,0.21655111,9.426128,0.23848255,-0.357187,0.010204059,2.8591354,-6.1005163,-44.96532,
43850,0.9517232,0.02215803,9.334501,0.12684293,0.031154793,0.1472502,1.7829437,-6.6756225,-44.89257,
43900,0.961305,-0.24350055,10.654529,0.1779223,-0.08884713,0.1387281,1.8153241,-7.680781,-45.096794,
43950,0.9464533,0.2617059,9.604352,0.21483369,-0.25082046,0.10895399,1.4154011,-7.948018,-44.825073,
44000,1.1571356,0.41214195,9.151846,0.18830863,-0.16879518,0.12408073,0.37033826,-8.23803,-45.435814,23.0
44050,1.2699625,0.3841148,9.733707,0.07917239,0.1718761,0.17137842,0.80058557,-8.3696375,-44.804527,
44100,1.2303299,-0.087101005,10.074426,0.10479196,-0.34195375,0.039711863,0.64569604,-8.12639,-44.161194,20.0
44150,1.38255,0.67732143,8.731798,0.09770797,-0.05987197,0.04802091,0.33949775,-8.5848675,-44.937317,18.0
44200,1.4750156,0.24014659,9.89612,-0.073586404,-0.1340143,0.15103188,0.12414589,-8.501543,-45.067455,16.0
44250,1.5848483,0.07138512,9.691906,0.1125684,-0.022854064,0.03710196,-0.18313083,-8.945661,-44.884235,15.0
44300,1.395366,0.30650133,10.050031,0.012114042,-0.25976866,0.024425324,-0.15206222,-8.891324,-45.22458,
44350,1.7234266,0.38040185,9.49428,0.14963956,-0.29082105,-0.0082249995,-0.5206455,-9.252563,-45.35337,
44400,1.9683644,0.4175318,9.84893,0.027187523,-0.32251272,-0.06036964,-1.2594359,-8.737729,-45.687244,
44450,2.0929294,0.47681984,9.830962,0.1071178,-0.25437132,-0.02376009,-2.7975128,-8.793798,-45.941517,14.0
44500,2.153295,0.4471159,10.077698,0.05200816,-0.13587852,0.016169535,-2.6439424,-9.22211,-45.158913,
44550,2.3493648,0.73804677,8.956614,0.08764123,-0.08629052,-0.011900155,-2.8288128,-9.279243,-44.853325,
44600,2.3376875,0.60719377,9.660465,-0.1407779,0.4061808,0.09364082,-3.4269485,-10.224438,-45.3525,
